codigo,nombre,nivel,padre,elemento,tipo
1,ACTIVO DISPONIBLE Y EXIGIBLE,1,,1,ACTIVO_DISPONIBLE_EXIGIBLE
10,EFECTIVO Y EQUIVALENTES DE EFECTIVO,2,1,1,ACTIVO_DISPONIBLE_EXIGIBLE
101,Caja,3,10,1,ACTIVO_DISPONIBLE_EXIGIBLE
102,Fondos fijos,3,10,1,ACTIVO_DISPONIBLE_EXIGIBLE
103,Efectivo y cheques en tránsito,3,10,1,ACTIVO_DISPONIBLE_EXIGIBLE
1031,Efectivo en tránsito,4,103,1,ACTIVO_DISPONIBLE_EXIGIBLE
1032,Cheques en tránsito,4,103,1,ACTIVO_DISPONIBLE_EXIGIBLE
104,Cuentas corrientes en instituciones financieras,3,10,1,ACTIVO_DISPONIBLE_EXIGIBLE
1041,Cuentas corrientes operativas,4,104,1,ACTIVO_DISPONIBLE_EXIGIBLE
1042,Cuentas corrientes para fines específicos,4,104,1,ACTIVO_DISPONIBLE_EXIGIBLE
105,Otros equivalentes de efectivo,3,10,1,ACTIVO_DISPONIBLE_EXIGIBLE
1051,Otros equivalentes de efectivo,4,105,1,ACTIVO_DISPONIBLE_EXIGIBLE
106,Depósitos en instituciones financieras,3,10,1,ACTIVO_DISPONIBLE_EXIGIBLE
1061,Depósitos de ahorro,4,106,1,ACTIVO_DISPONIBLE_EXIGIBLE
1062,Depósitos a plazo,4,106,1,ACTIVO_DISPONIBLE_EXIGIBLE
107,Fondos sujetos a restricción,3,10,1,ACTIVO_DISPONIBLE_EXIGIBLE
1071,Fondos en garantía,4,107,1,ACTIVO_DISPONIBLE_EXIGIBLE
1072,Fondos retenidos por mandato de la autoridad,4,107,1,ACTIVO_DISPONIBLE_EXIGIBLE
1073,Otros fondos sujetos a restricción,4,107,1,ACTIVO_DISPONIBLE_EXIGIBLE
11,INVERSIONES FINANCIERAS,2,1,1,ACTIVO_DISPONIBLE_EXIGIBLE
111,Inversiones mantenidas para negociación,3,11,1,ACTIVO_DISPONIBLE_EXIGIBLE
1111,Valores emitidos o garantizados por el Estado,4,111,1,ACTIVO_DISPONIBLE_EXIGIBLE
11111,Costo,5,1111,1,ACTIVO_DISPONIBLE_EXIGIBLE
11112,Valor Razonable,5,1111,1,ACTIVO_DISPONIBLE_EXIGIBLE
1112,Valores emitidos por el sistema financiero,4,111,1,ACTIVO_DISPONIBLE_EXIGIBLE
11121,Costo,5,1112,1,ACTIVO_DISPONIBLE_EXIGIBLE
11122,Valor Razonable,5,1112,1,ACTIVO_DISPONIBLE_EXIGIBLE
1113,Valores emitidos por entidades,4,111,1,ACTIVO_DISPONIBLE_EXIGIBLE
11131,Costo,5,1113,1,ACTIVO_DISPONIBLE_EXIGIBLE
11132,Valor Razonable,5,1113,1,ACTIVO_DISPONIBLE_EXIGIBLE
1114,Otros títulos representativos de deuda,4,111,1,ACTIVO_DISPONIBLE_EXIGIBLE
11141,Costo,5,1114,1,ACTIVO_DISPONIBLE_EXIGIBLE
11142,Valor Razonable,5,1114,1,ACTIVO_DISPONIBLE_EXIGIBLE
1115,Participaciones en entidades,4,111,1,ACTIVO_DISPONIBLE_EXIGIBLE
11151,Costo,5,1115,1,ACTIVO_DISPONIBLE_EXIGIBLE
11152,Valor Razonable,5,1115,1,ACTIVO_DISPONIBLE_EXIGIBLE
112,Otras inversiones financieras,3,11,1,ACTIVO_DISPONIBLE_EXIGIBLE
1121,Otras inversiones financieras,4,112,1,ACTIVO_DISPONIBLE_EXIGIBLE
11211,Costo,5,1121,1,ACTIVO_DISPONIBLE_EXIGIBLE
11212,Valor Razonable,5,1121,1,ACTIVO_DISPONIBLE_EXIGIBLE
113,Activos financieros  Acuerdo de compra,3,11,1,ACTIVO_DISPONIBLE_EXIGIBLE
1131,Inversiones mantenidas para negociación  Acuerdo de compra,4,113,1,ACTIVO_DISPONIBLE_EXIGIBLE
11311,Costo,5,1131,1,ACTIVO_DISPONIBLE_EXIGIBLE
11312,Valor Razonable,5,1131,1,ACTIVO_DISPONIBLE_EXIGIBLE
1132,Otras inversiones financieras,4,113,1,ACTIVO_DISPONIBLE_EXIGIBLE
11321,Costo,5,1132,1,ACTIVO_DISPONIBLE_EXIGIBLE
11322,Valor Razonable,5,1132,1,ACTIVO_DISPONIBLE_EXIGIBLE
12,CUENTAS POR COBRAR COMERCIALES  TERCEROS,2,1,1,ACTIVO_DISPONIBLE_EXIGIBLE
121,"Facturas, boletas y otros comprobantes por cobrar",3,12,1,ACTIVO_DISPONIBLE_EXIGIBLE
1211,No emitidas,4,121,1,ACTIVO_DISPONIBLE_EXIGIBLE
1212,Emitidas en cartera,4,121,1,ACTIVO_DISPONIBLE_EXIGIBLE
1213,En cobranza,4,121,1,ACTIVO_DISPONIBLE_EXIGIBLE
1214,En descuento,4,121,1,ACTIVO_DISPONIBLE_EXIGIBLE
122,Anticipos de clientes,3,12,1,ACTIVO_DISPONIBLE_EXIGIBLE
123,Letras por cobrar,3,12,1,ACTIVO_DISPONIBLE_EXIGIBLE
1232,En cartera,4,123,1,ACTIVO_DISPONIBLE_EXIGIBLE
1233,En cobranza,4,123,1,ACTIVO_DISPONIBLE_EXIGIBLE
1234,En descuento,4,123,1,ACTIVO_DISPONIBLE_EXIGIBLE
13,CUENTAS POR COBRAR COMERCIALES  RELACIONADAS,2,1,1,ACTIVO_DISPONIBLE_EXIGIBLE
131,"Facturas, boletas y otros comprobantes por cobrar",3,13,1,ACTIVO_DISPONIBLE_EXIGIBLE
1311,No emitidas,4,131,1,ACTIVO_DISPONIBLE_EXIGIBLE
1312,En cartera,4,131,1,ACTIVO_DISPONIBLE_EXIGIBLE
1313,En cobranza,4,131,1,ACTIVO_DISPONIBLE_EXIGIBLE
1314,En descuento,4,131,1,ACTIVO_DISPONIBLE_EXIGIBLE
132,Anticipos recibidos,3,13,1,ACTIVO_DISPONIBLE_EXIGIBLE
1321,Anticipos recibidos,4,132,1,ACTIVO_DISPONIBLE_EXIGIBLE
133,Letras por cobrar,3,13,1,ACTIVO_DISPONIBLE_EXIGIBLE
1331,En cartera,4,133,1,ACTIVO_DISPONIBLE_EXIGIBLE
1332,En cobranza,4,133,1,ACTIVO_DISPONIBLE_EXIGIBLE
1333,En descuento,4,133,1,ACTIVO_DISPONIBLE_EXIGIBLE
14,"CUENTAS POR COBRAR AL PERSONAL, A LOS ACCIONISTAS (SOCIOS) y",2,1,1,ACTIVO_DISPONIBLE_EXIGIBLE
141,Personal,3,14,1,ACTIVO_DISPONIBLE_EXIGIBLE
1411,Préstamos,4,141,1,ACTIVO_DISPONIBLE_EXIGIBLE
1412,Adelanto de remuneraciones,4,141,1,ACTIVO_DISPONIBLE_EXIGIBLE
1413,Entregas a rendir cuenta,4,141,1,ACTIVO_DISPONIBLE_EXIGIBLE
1419,Otras cuentas por cobrar al personal,4,141,1,ACTIVO_DISPONIBLE_EXIGIBLE
142,Accionistas (o socios),3,14,1,ACTIVO_DISPONIBLE_EXIGIBLE
1421,Suscripciones por cobrar a socios o accionistas,4,142,1,ACTIVO_DISPONIBLE_EXIGIBLE
1422,Préstamos,4,142,1,ACTIVO_DISPONIBLE_EXIGIBLE
143,Directores,3,14,1,ACTIVO_DISPONIBLE_EXIGIBLE
1431,Préstamos,4,143,1,ACTIVO_DISPONIBLE_EXIGIBLE
1432,Adelanto de dietas,4,143,1,ACTIVO_DISPONIBLE_EXIGIBLE
1433,Entregas a rendir cuenta,4,143,1,ACTIVO_DISPONIBLE_EXIGIBLE
149,D iversas,3,14,1,ACTIVO_DISPONIBLE_EXIGIBLE
16,CUENTAS POR COBRAR DIVERSAS  TERCEROS,2,1,1,ACTIVO_DISPONIBLE_EXIGIBLE
161,Préstamos,3,16,1,ACTIVO_DISPONIBLE_EXIGIBLE
1611,Con garantía,4,161,1,ACTIVO_DISPONIBLE_EXIGIBLE
1612,Sin garantía,4,161,1,ACTIVO_DISPONIBLE_EXIGIBLE
162,Reclamaciones a terceros,3,16,1,ACTIVO_DISPONIBLE_EXIGIBLE
1621,Compañías aseguradoras,4,162,1,ACTIVO_DISPONIBLE_EXIGIBLE
1622,Transportadoras,4,162,1,ACTIVO_DISPONIBLE_EXIGIBLE
1623,Servicios públicos,4,162,1,ACTIVO_DISPONIBLE_EXIGIBLE
1624,Tributos,4,162,1,ACTIVO_DISPONIBLE_EXIGIBLE
1629,Otras,4,162,1,ACTIVO_DISPONIBLE_EXIGIBLE
163,"Intereses, regalías y dividendos",3,16,1,ACTIVO_DISPONIBLE_EXIGIBLE
1631,Intereses,4,163,1,ACTIVO_DISPONIBLE_EXIGIBLE
1632,Regalías,4,163,1,ACTIVO_DISPONIBLE_EXIGIBLE
1633,Dividendos,4,163,1,ACTIVO_DISPONIBLE_EXIGIBLE
164,Depósitos otorgados en garantía,3,16,1,ACTIVO_DISPONIBLE_EXIGIBLE
1641,Préstamos de instituciones financieras,4,164,1,ACTIVO_DISPONIBLE_EXIGIBLE
1642,Préstamos de instituciones no financieras,4,164,1,ACTIVO_DISPONIBLE_EXIGIBLE
1643,Depósitos en garantía por alquileres,4,164,1,ACTIVO_DISPONIBLE_EXIGIBLE
1649,Otros depósitos en garantía,4,164,1,ACTIVO_DISPONIBLE_EXIGIBLE
165,Venta de activo inmovilizado,3,16,1,ACTIVO_DISPONIBLE_EXIGIBLE
1651,Inversión mobiliaria,4,165,1,ACTIVO_DISPONIBLE_EXIGIBLE
1652,Propiedades de inversión,4,165,1,ACTIVO_DISPONIBLE_EXIGIBLE
1653,"Propiedad, planta y equipo",4,165,1,ACTIVO_DISPONIBLE_EXIGIBLE
1654,Intangibles,4,165,1,ACTIVO_DISPONIBLE_EXIGIBLE
1655,Activos biológicos,4,165,1,ACTIVO_DISPONIBLE_EXIGIBLE
1659,Otros activos inmovilizados,4,165,1,ACTIVO_DISPONIBLE_EXIGIBLE
166,Activos por instrumentos financieros,3,16,1,ACTIVO_DISPONIBLE_EXIGIBLE
1661,Instrumentos financieros primarios,4,166,1,ACTIVO_DISPONIBLE_EXIGIBLE
16611,Costo,5,1661,1,ACTIVO_DISPONIBLE_EXIGIBLE
16612,Valor razonable,5,1661,1,ACTIVO_DISPONIBLE_EXIGIBLE
1662,Instrumentos financieros derivados,4,166,1,ACTIVO_DISPONIBLE_EXIGIBLE
16621,Costo,5,1662,1,ACTIVO_DISPONIBLE_EXIGIBLE
16622,Valor razonable,5,1662,1,ACTIVO_DISPONIBLE_EXIGIBLE
167,Tributos por acreditar,3,16,1,ACTIVO_DISPONIBLE_EXIGIBLE
1671,Pagos a cuenta del impuesto a la renta,4,167,1,ACTIVO_DISPONIBLE_EXIGIBLE
1672,Pagos a cuenta de ITAN,4,167,1,ACTIVO_DISPONIBLE_EXIGIBLE
1673,IGV por acreditar en compras,4,167,1,ACTIVO_DISPONIBLE_EXIGIBLE
1674,IGV por acreditar no domiciliados,4,167,1,ACTIVO_DISPONIBLE_EXIGIBLE
1675,Obras por impuestos,4,167,1,ACTIVO_DISPONIBLE_EXIGIBLE
169,Otras cuentas por cobrar diversas,3,16,1,ACTIVO_DISPONIBLE_EXIGIBLE
1691,Entregas a rendir cuenta a terceros,4,169,1,ACTIVO_DISPONIBLE_EXIGIBLE
1699,Otras cuentas por cobrar diversas,4,169,1,ACTIVO_DISPONIBLE_EXIGIBLE
17,CUENTAS POR COBRAR DIVERSAS  RELACIONADAS,2,1,1,ACTIVO_DISPONIBLE_EXIGIBLE
171,Préstamos,3,17,1,ACTIVO_DISPONIBLE_EXIGIBLE
1711,Con garantía,4,171,1,ACTIVO_DISPONIBLE_EXIGIBLE
1712,Sin garantía,4,171,1,ACTIVO_DISPONIBLE_EXIGIBLE
173,"Intereses, regalías y dividendos",3,17,1,ACTIVO_DISPONIBLE_EXIGIBLE
1731,Intereses,4,173,1,ACTIVO_DISPONIBLE_EXIGIBLE
1732,Regalías,4,173,1,ACTIVO_DISPONIBLE_EXIGIBLE
1733,Dividendos,4,173,1,ACTIVO_DISPONIBLE_EXIGIBLE
174,Depósitos otorgados en garantía,3,17,1,ACTIVO_DISPONIBLE_EXIGIBLE
1741,Préstamos de instituciones financieras,4,174,1,ACTIVO_DISPONIBLE_EXIGIBLE
1742,Préstamos de instituciones no financieras,4,174,1,ACTIVO_DISPONIBLE_EXIGIBLE
1743,Depósitos en garantía por alquileres,4,174,1,ACTIVO_DISPONIBLE_EXIGIBLE
1749,Otros depósitos en garantía,4,174,1,ACTIVO_DISPONIBLE_EXIGIBLE
175,Venta de activo inmovilizado,3,17,1,ACTIVO_DISPONIBLE_EXIGIBLE
1751,Inversión mobiliaria,4,175,1,ACTIVO_DISPONIBLE_EXIGIBLE
1752,Propiedades de inversión,4,175,1,ACTIVO_DISPONIBLE_EXIGIBLE
1753,"Propiedad, planta y equipo",4,175,1,ACTIVO_DISPONIBLE_EXIGIBLE
1754,Intangibles,4,175,1,ACTIVO_DISPONIBLE_EXIGIBLE
1755,Activos biológicos,4,175,1,ACTIVO_DISPONIBLE_EXIGIBLE
1759,Otros activos inmovilizados,4,175,1,ACTIVO_DISPONIBLE_EXIGIBLE
176,Activos por instrumentos financieros,3,17,1,ACTIVO_DISPONIBLE_EXIGIBLE
1761,Instrumentos financieros primarios,4,176,1,ACTIVO_DISPONIBLE_EXIGIBLE
17611,Costo,5,1761,1,ACTIVO_DISPONIBLE_EXIGIBLE
17612,Valor razonable,5,1761,1,ACTIVO_DISPONIBLE_EXIGIBLE
1762,Instrumentos financieros derivados,4,176,1,ACTIVO_DISPONIBLE_EXIGIBLE
17621,Costo,5,1762,1,ACTIVO_DISPONIBLE_EXIGIBLE
17622,Valor razonable,5,1762,1,ACTIVO_DISPONIBLE_EXIGIBLE
179,O tras cuentas por cobrar diversas,3,17,1,ACTIVO_DISPONIBLE_EXIGIBLE
18,SERVICIOS Y OTROS CONTRATADOS POR ANTICIPADO,2,1,1,ACTIVO_DISPONIBLE_EXIGIBLE
181,Costos financieros,3,18,1,ACTIVO_DISPONIBLE_EXIGIBLE
182,Seguros,3,18,1,ACTIVO_DISPONIBLE_EXIGIBLE
183,Alquileres,3,18,1,ACTIVO_DISPONIBLE_EXIGIBLE
184,Primas pagadas por opciones,3,18,1,ACTIVO_DISPONIBLE_EXIGIBLE
185,Mantenimiento de activos inmovilizados,3,18,1,ACTIVO_DISPONIBLE_EXIGIBLE
189,Otros gastos contratados por anticipado,3,18,1,ACTIVO_DISPONIBLE_EXIGIBLE
19,ESTIMACIÓN DE CUENTAS DE COBRANZA DUDOSA,2,1,1,ACTIVO_DISPONIBLE_EXIGIBLE
191,Cuentas por cobrar comerciales  Terceros,3,19,1,ACTIVO_DISPONIBLE_EXIGIBLE
1911,"Facturas, boletas y otros comprobantes por cobrar",4,191,1,ACTIVO_DISPONIBLE_EXIGIBLE
1913,Letras por cobrar,4,191,1,ACTIVO_DISPONIBLE_EXIGIBLE
192,Cuentas por cobrar comerciales  Relacionadas,3,19,1,ACTIVO_DISPONIBLE_EXIGIBLE
1921,"Facturas, boletas y otros comprobantes por cobrar",4,192,1,ACTIVO_DISPONIBLE_EXIGIBLE
1923,Letras por cobrar,4,192,1,ACTIVO_DISPONIBLE_EXIGIBLE
193,"Cuentas por cobrar al personal, a los accionistas (socios) y directores",3,19,1,ACTIVO_DISPONIBLE_EXIGIBLE
1931,Personal,4,193,1,ACTIVO_DISPONIBLE_EXIGIBLE
1932,Accionistas (o socios),4,193,1,ACTIVO_DISPONIBLE_EXIGIBLE
1933,Directores,4,193,1,ACTIVO_DISPONIBLE_EXIGIBLE
1939,Diversas,4,193,1,ACTIVO_DISPONIBLE_EXIGIBLE
194,Cuentas por cobrar diversas  Terceros,3,19,1,ACTIVO_DISPONIBLE_EXIGIBLE
1941,Préstamos,4,194,1,ACTIVO_DISPONIBLE_EXIGIBLE
1942,Reclamaciones a terceros,4,194,1,ACTIVO_DISPONIBLE_EXIGIBLE
1943,"Intereses, regalías y dividendos",4,194,1,ACTIVO_DISPONIBLE_EXIGIBLE
1944,Depósitos otorgados en garantía,4,194,1,ACTIVO_DISPONIBLE_EXIGIBLE
1945,Venta de activo inmovilizado,4,194,1,ACTIVO_DISPONIBLE_EXIGIBLE
1946,Activos por instrumentos financieros,4,194,1,ACTIVO_DISPONIBLE_EXIGIBLE
1949,Otras cuentas por cobrar diversas,4,194,1,ACTIVO_DISPONIBLE_EXIGIBLE
195,Cuentas por cobrar diversas  Relacionadas,3,19,1,ACTIVO_DISPONIBLE_EXIGIBLE
1951,Préstamos,4,195,1,ACTIVO_DISPONIBLE_EXIGIBLE
1953,"Intereses, regalías y dividendos",4,195,1,ACTIVO_DISPONIBLE_EXIGIBLE
1954,Depósitos otorgados en garantía,4,195,1,ACTIVO_DISPONIBLE_EXIGIBLE
1955,Venta de activo inmovilizado,4,195,1,ACTIVO_DISPONIBLE_EXIGIBLE
1956,Activos por instrumentos financieros,4,195,1,ACTIVO_DISPONIBLE_EXIGIBLE
1959,Otras cuentas por cobrar diversas,4,195,1,ACTIVO_DISPONIBLE_EXIGIBLE
2,ACTIVO REALIZABLE,1,,2,ACTIVO_REALIZABLE
20,MERCADERÍAS,2,2,2,ACTIVO_REALIZABLE
201,Mercaderías,3,20,2,ACTIVO_REALIZABLE
2011,Mercaderías,4,201,2,ACTIVO_REALIZABLE
20111,Costo,5,2011,2,ACTIVO_REALIZABLE
20114,Valor razonable,5,2011,2,ACTIVO_REALIZABLE
21,PRODUCTOS TERMINADOS,2,2,2,ACTIVO_REALIZABLE
211,Productos terminados,3,21,2,ACTIVO_REALIZABLE
2111,Productos terminados,4,211,2,ACTIVO_REALIZABLE
21111,Costo,5,2111,2,ACTIVO_REALIZABLE
21113,Costo de financiación,5,2111,2,ACTIVO_REALIZABLE
21114,Valor razonable,5,2111,2,ACTIVO_REALIZABLE
215,Inventario de servicios terminados,3,21,2,ACTIVO_REALIZABLE
2151,Servicios terminados,4,215,2,ACTIVO_REALIZABLE
21511,Costo,5,2151,2,ACTIVO_REALIZABLE
22,"SUBPRODUCTOS, DESECHOS Y DESPERDICIOS",2,2,2,ACTIVO_REALIZABLE
221,Subproductos,3,22,2,ACTIVO_REALIZABLE
222,Desechos y desperdicios,3,22,2,ACTIVO_REALIZABLE
23,PRODUCTOS EN PROCESO,2,2,2,ACTIVO_REALIZABLE
231,Productos en proceso,3,23,2,ACTIVO_REALIZABLE
2311,Productos en proceso,4,231,2,ACTIVO_REALIZABLE
23111,Costo,5,2311,2,ACTIVO_REALIZABLE
23113,Costo de financiación,5,2311,2,ACTIVO_REALIZABLE
235,Inventario de servicios en proceso,3,23,2,ACTIVO_REALIZABLE
2351,Servicios en proceso,4,235,2,ACTIVO_REALIZABLE
23511,Costo,5,2351,2,ACTIVO_REALIZABLE
24,MATERIAS PRIMAS,2,2,2,ACTIVO_REALIZABLE
241,Materias primas,3,24,2,ACTIVO_REALIZABLE
2411,Materias primas,4,241,2,ACTIVO_REALIZABLE
24111,Costo,5,2411,2,ACTIVO_REALIZABLE
24114,Valor razonable,5,2411,2,ACTIVO_REALIZABLE
25,"MATERIALES AUXILIARES, SUMINISTROS Y REPUESTOS",2,2,2,ACTIVO_REALIZABLE
251,Materiales auxiliares,3,25,2,ACTIVO_REALIZABLE
252,Suministros,3,25,2,ACTIVO_REALIZABLE
2521,Combustibles,4,252,2,ACTIVO_REALIZABLE
2522,Lubricantes,4,252,2,ACTIVO_REALIZABLE
2523,Energía,4,252,2,ACTIVO_REALIZABLE
2524,Otros suministros,4,252,2,ACTIVO_REALIZABLE
253,Repuestos,3,25,2,ACTIVO_REALIZABLE
26,ENVASES Y EMBALAJES,2,2,2,ACTIVO_REALIZABLE
261,Envases,3,26,2,ACTIVO_REALIZABLE
262,Embalajes,3,26,2,ACTIVO_REALIZABLE
27,ACTIVOS NO CORRIENTES MANTENIDOS PARA LA VENTA,2,2,2,ACTIVO_REALIZABLE
271,Propiedades de inversión,3,27,2,ACTIVO_REALIZABLE
2711,Terrenos,4,271,2,ACTIVO_REALIZABLE
27111,Costo,5,2711,2,ACTIVO_REALIZABLE
27112,Revaluación,5,2711,2,ACTIVO_REALIZABLE
27114,Valor razonable,5,2711,2,ACTIVO_REALIZABLE
2712,Edificaciones,4,271,2,ACTIVO_REALIZABLE
27121,Costo,5,2712,2,ACTIVO_REALIZABLE
27122,Revaluación,5,2712,2,ACTIVO_REALIZABLE
27123,Costos de financiación,5,2712,2,ACTIVO_REALIZABLE
27124,Valor razonable,5,2712,2,ACTIVO_REALIZABLE
272,"Propiedad, planta y equipo",3,27,2,ACTIVO_REALIZABLE
2720,Planta productora en producción,4,272,2,ACTIVO_REALIZABLE
27201,Costo,5,2720,2,ACTIVO_REALIZABLE
27202,Revaluación,5,2720,2,ACTIVO_REALIZABLE
27203,Costo de financiación,5,2720,2,ACTIVO_REALIZABLE
27204,Valor razonable,5,2720,2,ACTIVO_REALIZABLE
2721,Planta productora en desarrollo,4,272,2,ACTIVO_REALIZABLE
27211,Costo,5,2721,2,ACTIVO_REALIZABLE
27212,Revaluación,5,2721,2,ACTIVO_REALIZABLE
27213,Costo de financiación,5,2721,2,ACTIVO_REALIZABLE
27214,Valor razonable,5,2721,2,ACTIVO_REALIZABLE
2722,Terrenos,4,272,2,ACTIVO_REALIZABLE
27221,Costo,5,2722,2,ACTIVO_REALIZABLE
27222,Revaluación,5,2722,2,ACTIVO_REALIZABLE
2723,Edificaciones,4,272,2,ACTIVO_REALIZABLE
27231,Costo,5,2723,2,ACTIVO_REALIZABLE
27232,Revaluación,5,2723,2,ACTIVO_REALIZABLE
27233,Costo de financiación,5,2723,2,ACTIVO_REALIZABLE
2724,Maquinarias y equipos de explotación,4,272,2,ACTIVO_REALIZABLE
27241,Costo,5,2724,2,ACTIVO_REALIZABLE
27242,Revaluación,5,2724,2,ACTIVO_REALIZABLE
27233,Costo de financiación,5,2724,2,ACTIVO_REALIZABLE
2725,Unidades de transporte,4,272,2,ACTIVO_REALIZABLE
27251,Costo,5,2725,2,ACTIVO_REALIZABLE
27252,Revaluación,5,2725,2,ACTIVO_REALIZABLE
2726,Muebles y enseres,4,272,2,ACTIVO_REALIZABLE
27261,Costo,5,2726,2,ACTIVO_REALIZABLE
27262,Revaluación,5,2726,2,ACTIVO_REALIZABLE
2727,Equipos diversos,4,272,2,ACTIVO_REALIZABLE
27271,Costo,5,2727,2,ACTIVO_REALIZABLE
27272,Revaluación,5,2727,2,ACTIVO_REALIZABLE
2728,Herramientas y unidades de reemplazo,4,272,2,ACTIVO_REALIZABLE
27281,Costo,5,2728,2,ACTIVO_REALIZABLE
27282,Revaluación,5,2728,2,ACTIVO_REALIZABLE
2729,Obras en curso,4,272,2,ACTIVO_REALIZABLE
27291,Costo,5,2729,2,ACTIVO_REALIZABLE
27292,Revaluación,5,2729,2,ACTIVO_REALIZABLE
273,Intangibles,3,27,2,ACTIVO_REALIZABLE
2731,"Concesiones, licencias y derechos",4,273,2,ACTIVO_REALIZABLE
27311,Costo,5,2731,2,ACTIVO_REALIZABLE
27312,Revaluación,5,2731,2,ACTIVO_REALIZABLE
2732,Patentes y propiedad industrial,4,273,2,ACTIVO_REALIZABLE
27321,Costo,5,2732,2,ACTIVO_REALIZABLE
27322,Revaluación,5,2732,2,ACTIVO_REALIZABLE
2733,Programas de computadora (software),4,273,2,ACTIVO_REALIZABLE
27331,Costo,5,2733,2,ACTIVO_REALIZABLE
27332,Revaluación,5,2733,2,ACTIVO_REALIZABLE
2734,Costos de exploración y desarrollo,4,273,2,ACTIVO_REALIZABLE
27341,Costo,5,2734,2,ACTIVO_REALIZABLE
27342,Revaluación,5,2734,2,ACTIVO_REALIZABLE
2735,"Fórmulas, diseños y prototipos",4,273,2,ACTIVO_REALIZABLE
27351,Costo,5,2735,2,ACTIVO_REALIZABLE
27352,Revaluación,5,2735,2,ACTIVO_REALIZABLE
2739,Otros activos intangibles,4,273,2,ACTIVO_REALIZABLE
27391,Costo,5,2739,2,ACTIVO_REALIZABLE
27392,Revaluación,5,2739,2,ACTIVO_REALIZABLE
274,Activos biológicos,3,27,2,ACTIVO_REALIZABLE
2741,Activos biológicos en producción,4,274,2,ACTIVO_REALIZABLE
27411,Costo,5,2741,2,ACTIVO_REALIZABLE
27413,Costos de financiación,5,2741,2,ACTIVO_REALIZABLE
27414,Valor razonable,5,2741,2,ACTIVO_REALIZABLE
2742,Activos biológicos en desarrollo,4,274,2,ACTIVO_REALIZABLE
27421,Costo,5,2742,2,ACTIVO_REALIZABLE
27423,Costos de financiación,5,2742,2,ACTIVO_REALIZABLE
27424,Valor razonable,5,2742,2,ACTIVO_REALIZABLE
275,D epreciación acumulada  Propiedades de inversión,3,27,2,ACTIVO_REALIZABLE
2752,Edificaciones,4,275,2,ACTIVO_REALIZABLE
27521,Costo,5,2752,2,ACTIVO_REALIZABLE
27522,Revaluación,5,2752,2,ACTIVO_REALIZABLE
27523,Costo de financiación,5,2752,2,ACTIVO_REALIZABLE
276,"Depreciación acumulada  Propiedad, planta y equipo",3,27,2,ACTIVO_REALIZABLE
2760,Planta productora en producción,4,276,2,ACTIVO_REALIZABLE
27601,Costo,5,2760,2,ACTIVO_REALIZABLE
27602,Revaluación,5,2760,2,ACTIVO_REALIZABLE
27603,Costo de financiación,5,2760,2,ACTIVO_REALIZABLE
27604,Valor razonable,5,2760,2,ACTIVO_REALIZABLE
2762,Edificaciones,4,276,2,ACTIVO_REALIZABLE
27621,Costo,5,2762,2,ACTIVO_REALIZABLE
27622,Revaluación,5,2762,2,ACTIVO_REALIZABLE
27623,Costo de financiación,5,2762,2,ACTIVO_REALIZABLE
2763,Maquinarias y equipo de explotación,4,276,2,ACTIVO_REALIZABLE
27631,Costo,5,2763,2,ACTIVO_REALIZABLE
27632,Revaluación,5,2763,2,ACTIVO_REALIZABLE
27633,Costo de financiación,5,2763,2,ACTIVO_REALIZABLE
2764,Unidades de transporte,4,276,2,ACTIVO_REALIZABLE
27641,Costo,5,2764,2,ACTIVO_REALIZABLE
27642,Revaluación,5,2764,2,ACTIVO_REALIZABLE
2765,Muebles y enseres,4,276,2,ACTIVO_REALIZABLE
27651,Costo,5,2765,2,ACTIVO_REALIZABLE
27652,Revaluación,5,2765,2,ACTIVO_REALIZABLE
2766,Equipos diversos,4,276,2,ACTIVO_REALIZABLE
27661,Costo,5,2766,2,ACTIVO_REALIZABLE
27662,Revaluación,5,2766,2,ACTIVO_REALIZABLE
2767,Herramientas y unidades de reemplazo,4,276,2,ACTIVO_REALIZABLE
27671,Costo,5,2767,2,ACTIVO_REALIZABLE
27672,Revaluación,5,2767,2,ACTIVO_REALIZABLE
277,Amortización acumulada  Intangibles,3,27,2,ACTIVO_REALIZABLE
2771,"Concesiones, licencias y derechos",4,277,2,ACTIVO_REALIZABLE
27711,Costo,5,2771,2,ACTIVO_REALIZABLE
27712,Revaluación,5,2771,2,ACTIVO_REALIZABLE
2772,Patentes y propiedad industrial,4,277,2,ACTIVO_REALIZABLE
27721,Costo,5,2772,2,ACTIVO_REALIZABLE
27722,Revaluación,5,2772,2,ACTIVO_REALIZABLE
2773,Programas de computadora (software),4,277,2,ACTIVO_REALIZABLE
27731,Costo,5,2773,2,ACTIVO_REALIZABLE
27732,Revaluación,5,2773,2,ACTIVO_REALIZABLE
2774,Costos de exploración y desarrollo,4,277,2,ACTIVO_REALIZABLE
27741,Costo,5,2774,2,ACTIVO_REALIZABLE
27742,Revaluación,5,2774,2,ACTIVO_REALIZABLE
2775,"Fórmulas, diseños y prototipos",4,277,2,ACTIVO_REALIZABLE
27751,Costo,5,2775,2,ACTIVO_REALIZABLE
27752,Revaluación,5,2775,2,ACTIVO_REALIZABLE
2779,Otros activos intangibles,4,277,2,ACTIVO_REALIZABLE
27791,Costo,5,2779,2,ACTIVO_REALIZABLE
27792,Revaluación,5,2779,2,ACTIVO_REALIZABLE
278,Depreciación acumulada  Activos biológicos,3,27,2,ACTIVO_REALIZABLE
2781,Activos biológicos en producción,4,278,2,ACTIVO_REALIZABLE
27811,Costo,5,2781,2,ACTIVO_REALIZABLE
27813,Costo de financiación,5,2781,2,ACTIVO_REALIZABLE
2782,Activos biológicos en desarrollo,4,278,2,ACTIVO_REALIZABLE
27821,Costo,5,2782,2,ACTIVO_REALIZABLE
27823,Costo de financiación,5,2782,2,ACTIVO_REALIZABLE
279,Desvalorización acumulada,3,27,2,ACTIVO_REALIZABLE
2791,Propiedad de inversión,4,279,2,ACTIVO_REALIZABLE
27910,Planta productora en producción,5,2791,2,ACTIVO_REALIZABLE
27911,Planta productora en desarrollo,5,2791,2,ACTIVO_REALIZABLE
27912,Terrenos,5,2791,2,ACTIVO_REALIZABLE
27913,Edificaciones,5,2791,2,ACTIVO_REALIZABLE
2793,"Propiedad, planta y equipo",4,279,2,ACTIVO_REALIZABLE
27930,Plantas productoras en producción,5,2793,2,ACTIVO_REALIZABLE
27931,Planta productora en desarrollo,5,2793,2,ACTIVO_REALIZABLE
27932,Terrenos,5,2793,2,ACTIVO_REALIZABLE
27933,Edificaciones,5,2793,2,ACTIVO_REALIZABLE
27934,Maquinarias y equipos de explotación,5,2793,2,ACTIVO_REALIZABLE
27935,Unidades de transporte,5,2793,2,ACTIVO_REALIZABLE
27936,Muebles y enseres,5,2793,2,ACTIVO_REALIZABLE
27937,Equipos diversos,5,2793,2,ACTIVO_REALIZABLE
27938,Herramientas y unidades de reemplazo,5,2793,2,ACTIVO_REALIZABLE
2794,Intangibles,4,279,2,ACTIVO_REALIZABLE
27941,"Concesiones, licencias y otros derechos",5,2794,2,ACTIVO_REALIZABLE
27942,Patentes y propiedad industrial,5,2794,2,ACTIVO_REALIZABLE
27943,Programas de computadora (software),5,2794,2,ACTIVO_REALIZABLE
27944,Costos de exploración y desarrollo,5,2794,2,ACTIVO_REALIZABLE
27945,"Fórmulas, diseños y prototipos",5,2794,2,ACTIVO_REALIZABLE
27949,Otros activos intangibles,5,2794,2,ACTIVO_REALIZABLE
2795,Activos biológicos,4,279,2,ACTIVO_REALIZABLE
27951,Activos biológicos en producción,5,2795,2,ACTIVO_REALIZABLE
27952,Activos biológicos en desarrollo,5,2795,2,ACTIVO_REALIZABLE
28,INVENTARIOS POR RECIBIR,2,2,2,ACTIVO_REALIZABLE
281,Mercaderías,3,28,2,ACTIVO_REALIZABLE
284,Materias primas,3,28,2,ACTIVO_REALIZABLE
285,"Materiales auxiliares, suministros y repuestos",3,28,2,ACTIVO_REALIZABLE
286,E nvases y embalajes,3,28,2,ACTIVO_REALIZABLE
29,DESVALORIZACIÓN DE INVENTARIOS,2,2,2,ACTIVO_REALIZABLE
291,Mercaderías,3,29,2,ACTIVO_REALIZABLE
2911,Mercaderías,4,291,2,ACTIVO_REALIZABLE
29111,Costo,5,2911,2,ACTIVO_REALIZABLE
292,Productos terminados,3,29,2,ACTIVO_REALIZABLE
2921,Productos terminados,4,292,2,ACTIVO_REALIZABLE
29211,Costo,5,2921,2,ACTIVO_REALIZABLE
29213,Costo de financiación,5,2921,2,ACTIVO_REALIZABLE
2925,Inventario de servicios terminados,4,292,2,ACTIVO_REALIZABLE
29251,Costo,5,2925,2,ACTIVO_REALIZABLE
293,"Subproductos, desechos y desperdicios",3,29,2,ACTIVO_REALIZABLE
2931,Subproductos,4,293,2,ACTIVO_REALIZABLE
2932,Desechos y desperdicios,4,293,2,ACTIVO_REALIZABLE
294,Productos en proceso,3,29,2,ACTIVO_REALIZABLE
2941,Productos en proceso,4,294,2,ACTIVO_REALIZABLE
29411,Costo,5,2941,2,ACTIVO_REALIZABLE
29413,Costo de financiación,5,2941,2,ACTIVO_REALIZABLE
2945,Inventario de servicios en proceso,4,294,2,ACTIVO_REALIZABLE
295,Materias primas,3,29,2,ACTIVO_REALIZABLE
2951,Materias primas,4,295,2,ACTIVO_REALIZABLE
29511,Costo,5,2951,2,ACTIVO_REALIZABLE
296,"Materiales auxiliares, suministros y repuestos",3,29,2,ACTIVO_REALIZABLE
2961,Materiales auxiliares,4,296,2,ACTIVO_REALIZABLE
2962,Suministros,4,296,2,ACTIVO_REALIZABLE
2963,Repuestos,4,296,2,ACTIVO_REALIZABLE
297,Envases y embalajes,3,29,2,ACTIVO_REALIZABLE
2971,Envases,4,297,2,ACTIVO_REALIZABLE
2972,Embalajes,4,297,2,ACTIVO_REALIZABLE
298,Existencias por recibir,3,29,2,ACTIVO_REALIZABLE
2981,Mercaderías,4,298,2,ACTIVO_REALIZABLE
2982,Materias primas,4,298,2,ACTIVO_REALIZABLE
2983,"Materiales auxiliares, suministros y repuestos",4,298,2,ACTIVO_REALIZABLE
2984,E nvases y embalajes,4,298,2,ACTIVO_REALIZABLE
3,ACTIVO INMOVILIZADO,1,,3,ACTIVO_INMOVILIZADO
30,INVERSIONES MOBILIARIAS,2,3,3,ACTIVO_INMOVILIZADO
301,Inversiones a ser mantenidas hasta el vencimiento,3,30,3,ACTIVO_INMOVILIZADO
3011,Instrumentos financieros representativos de deuda,4,301,3,ACTIVO_INMOVILIZADO
30221,Costo,5,3011,3,ACTIVO_INMOVILIZADO
30224,Valor razonable,5,3011,3,ACTIVO_INMOVILIZADO
302,Instrumentos financieros representativos de derecho patrimonial,3,30,3,ACTIVO_INMOVILIZADO
3021,Certificados de suscripción preferente,4,302,3,ACTIVO_INMOVILIZADO
3022,Acciones representativas de capital social  Comunes,4,302,3,ACTIVO_INMOVILIZADO
30221,Costo,5,3022,3,ACTIVO_INMOVILIZADO
30224,Valor razonable,5,3022,3,ACTIVO_INMOVILIZADO
30225,Participación patrimonial,5,3022,3,ACTIVO_INMOVILIZADO
3023,Acciones representativas de capital social  Preferentes,4,302,3,ACTIVO_INMOVILIZADO
30231,Costo,5,3023,3,ACTIVO_INMOVILIZADO
30234,Valor razonable,5,3023,3,ACTIVO_INMOVILIZADO
30235,Participación patrimonial,5,3023,3,ACTIVO_INMOVILIZADO
3024,Acciones de inversión,4,302,3,ACTIVO_INMOVILIZADO
30241,Costo,5,3024,3,ACTIVO_INMOVILIZADO
30244,Valor razonable,5,3024,3,ACTIVO_INMOVILIZADO
30245,Participación patrimonial,5,3024,3,ACTIVO_INMOVILIZADO
3028,Otros títulos representativos de patrimonio,4,302,3,ACTIVO_INMOVILIZADO
30281,Costo,5,3028,3,ACTIVO_INMOVILIZADO
30284,Valor razonable,5,3028,3,ACTIVO_INMOVILIZADO
30285,Participación patrimonial,5,3028,3,ACTIVO_INMOVILIZADO
303,Certificados de participación en fondos - Cuotas,3,30,3,ACTIVO_INMOVILIZADO
3031,Fondos de inversión,4,303,3,ACTIVO_INMOVILIZADO
30311,Costo,5,3031,3,ACTIVO_INMOVILIZADO
30314,Valor razonable,5,3031,3,ACTIVO_INMOVILIZADO
3032,Fondos mutuos,4,303,3,ACTIVO_INMOVILIZADO
30321,Costo,5,3032,3,ACTIVO_INMOVILIZADO
30324,Valor razonable,5,3032,3,ACTIVO_INMOVILIZADO
304,Participaciones en acuerdos conjuntos,3,30,3,ACTIVO_INMOVILIZADO
3041,Operaciones conjuntas,4,304,3,ACTIVO_INMOVILIZADO
30411,Costo,5,3041,3,ACTIVO_INMOVILIZADO
30414,Valor razonable,5,3041,3,ACTIVO_INMOVILIZADO
30415,Participación patrimonial,5,3041,3,ACTIVO_INMOVILIZADO
3042,Negocios conjuntos,4,304,3,ACTIVO_INMOVILIZADO
30421,Costo,5,3042,3,ACTIVO_INMOVILIZADO
30424,Valor razonable,5,3042,3,ACTIVO_INMOVILIZADO
30425,Participación patrimonial,5,3042,3,ACTIVO_INMOVILIZADO
308,Inversiones mobiliarias  Acuerdos de compra,3,30,3,ACTIVO_INMOVILIZADO
3081,Instrumentos financieros representativos de deuda  Acuerdo de compra,4,308,3,ACTIVO_INMOVILIZADO
30811,Costo,5,3081,3,ACTIVO_INMOVILIZADO
30814,Valor razonable,5,3081,3,ACTIVO_INMOVILIZADO
3082,Instrumentos financieros representativos de derecho patrimonial ,4,308,3,ACTIVO_INMOVILIZADO
30821,Costo,5,3082,3,ACTIVO_INMOVILIZADO
30824,Valor razonable,5,3082,3,ACTIVO_INMOVILIZADO
31,PROPIEDADES DE INVERSIÓN,2,3,3,ACTIVO_INMOVILIZADO
311,Terrenos,3,31,3,ACTIVO_INMOVILIZADO
3111,Urbanos,4,311,3,ACTIVO_INMOVILIZADO
31111,Costo,5,3111,3,ACTIVO_INMOVILIZADO
31112,Revaluación,5,3111,3,ACTIVO_INMOVILIZADO
31114,Valor razonable,5,3111,3,ACTIVO_INMOVILIZADO
3112,Rurales,4,311,3,ACTIVO_INMOVILIZADO
31121,Costo,5,3112,3,ACTIVO_INMOVILIZADO
31122,Revaluación,5,3112,3,ACTIVO_INMOVILIZADO
31124,Valor razonable,5,3112,3,ACTIVO_INMOVILIZADO
312,Edificaciones,3,31,3,ACTIVO_INMOVILIZADO
3121,Edificaciones,4,312,3,ACTIVO_INMOVILIZADO
31211,Costo,5,3121,3,ACTIVO_INMOVILIZADO
31212,Revaluación,5,3121,3,ACTIVO_INMOVILIZADO
31213,Costos de financiación,5,3121,3,ACTIVO_INMOVILIZADO
31214,Valor razonable,5,3121,3,ACTIVO_INMOVILIZADO
313,Construcciones en curso,3,31,3,ACTIVO_INMOVILIZADO
3131,Edificaciones,4,313,3,ACTIVO_INMOVILIZADO
31311,Costo,5,3131,3,ACTIVO_INMOVILIZADO
31312,Revaluación,5,3131,3,ACTIVO_INMOVILIZADO
31313,Costos de financiación,5,3131,3,ACTIVO_INMOVILIZADO
31314,Valor razonable,5,3131,3,ACTIVO_INMOVILIZADO
32,ACTIVOS POR DERECHO DE USO,2,3,3,ACTIVO_INMOVILIZADO
321,Propiedades de inversión - Arrendamiento financiero,3,32,3,ACTIVO_INMOVILIZADO
3211,Terrenos,4,321,3,ACTIVO_INMOVILIZADO
32111,Costo,5,3211,3,ACTIVO_INMOVILIZADO
32112,Revaluación,5,3211,3,ACTIVO_INMOVILIZADO
32114,Valor razonable,5,3211,3,ACTIVO_INMOVILIZADO
3212,Edificaciones,4,321,3,ACTIVO_INMOVILIZADO
32121,Costo,5,3212,3,ACTIVO_INMOVILIZADO
32122,Revaluación,5,3212,3,ACTIVO_INMOVILIZADO
32123,Costo de financiación,5,3212,3,ACTIVO_INMOVILIZADO
32124,Valor razonable,5,3212,3,ACTIVO_INMOVILIZADO
322,"Propiedad, planta y equipo - Arrendamiento financiero",3,32,3,ACTIVO_INMOVILIZADO
3220,Planta productora en producción,4,322,3,ACTIVO_INMOVILIZADO
32201,Costo,5,3220,3,ACTIVO_INMOVILIZADO
32202,Revaluación,5,3220,3,ACTIVO_INMOVILIZADO
32203,Costo de financiación,5,3220,3,ACTIVO_INMOVILIZADO
3221,Planta productora en desarrollo,4,322,3,ACTIVO_INMOVILIZADO
32211,Costo,5,3221,3,ACTIVO_INMOVILIZADO
32212,Revaluación,5,3221,3,ACTIVO_INMOVILIZADO
32213,Costo de financiación,5,3221,3,ACTIVO_INMOVILIZADO
3222,Terrenos,4,322,3,ACTIVO_INMOVILIZADO
32221,Costo,5,3222,3,ACTIVO_INMOVILIZADO
32222,Revaluación,5,3222,3,ACTIVO_INMOVILIZADO
3223,Edificaciones,4,322,3,ACTIVO_INMOVILIZADO
32231,Costo,5,3223,3,ACTIVO_INMOVILIZADO
32232,Revaluación,5,3223,3,ACTIVO_INMOVILIZADO
32233,Costo de financiación,5,3223,3,ACTIVO_INMOVILIZADO
3224,Maquinaria y equipo de explotación,4,322,3,ACTIVO_INMOVILIZADO
32241,Costo,5,3224,3,ACTIVO_INMOVILIZADO
32242,Revaluación,5,3224,3,ACTIVO_INMOVILIZADO
32243,Costo de financiación,5,3224,3,ACTIVO_INMOVILIZADO
3225,Unidades de transporte,4,322,3,ACTIVO_INMOVILIZADO
32251,Costo,5,3225,3,ACTIVO_INMOVILIZADO
32252,Revaluación,5,3225,3,ACTIVO_INMOVILIZADO
3226,Muebles y enseres,4,322,3,ACTIVO_INMOVILIZADO
32261,Costo,5,3226,3,ACTIVO_INMOVILIZADO
32262,Revaluación,5,3226,3,ACTIVO_INMOVILIZADO
3227,Equipos diversos,4,322,3,ACTIVO_INMOVILIZADO
32271,Costo,5,3227,3,ACTIVO_INMOVILIZADO
32272,Revaluación,5,3227,3,ACTIVO_INMOVILIZADO
3228,Herramientas y unidades de reemplazo,4,322,3,ACTIVO_INMOVILIZADO
32281,Costo,5,3228,3,ACTIVO_INMOVILIZADO
32282,Revaluación,5,3228,3,ACTIVO_INMOVILIZADO
323,"Propiedad, planta y equipo - Arrendamiento operativo",3,32,3,ACTIVO_INMOVILIZADO
3230,Planta productora en producción,4,323,3,ACTIVO_INMOVILIZADO
32301,Costo,5,3230,3,ACTIVO_INMOVILIZADO
32302,Revaluación,5,3230,3,ACTIVO_INMOVILIZADO
3232,Terrenos,4,323,3,ACTIVO_INMOVILIZADO
32321,Costo,5,3232,3,ACTIVO_INMOVILIZADO
3233,Edificaciones,4,323,3,ACTIVO_INMOVILIZADO
32331,Costo,5,3233,3,ACTIVO_INMOVILIZADO
32332,Revaluación,5,3233,3,ACTIVO_INMOVILIZADO
3234,Maquinaria y equipo de explotación,4,323,3,ACTIVO_INMOVILIZADO
32341,Costo,5,3234,3,ACTIVO_INMOVILIZADO
32342,Revaluación,5,3234,3,ACTIVO_INMOVILIZADO
3235,Unidades de transporte,4,323,3,ACTIVO_INMOVILIZADO
32351,Costo,5,3235,3,ACTIVO_INMOVILIZADO
32352,Revaluación,5,3235,3,ACTIVO_INMOVILIZADO
3236,Equipos diversos,4,323,3,ACTIVO_INMOVILIZADO
32361,Costo,5,3236,3,ACTIVO_INMOVILIZADO
32362,Revaluación,5,3236,3,ACTIVO_INMOVILIZADO
33,"PROPIEDAD, PLANTA Y EQUIPO",2,3,3,ACTIVO_INMOVILIZADO
330,Planta productora,3,33,3,ACTIVO_INMOVILIZADO
3301,Planta productora en producción,4,330,3,ACTIVO_INMOVILIZADO
33011,Costo,5,3301,3,ACTIVO_INMOVILIZADO
33012,Revaluación,5,3301,3,ACTIVO_INMOVILIZADO
33013,Costo de financiación,5,3301,3,ACTIVO_INMOVILIZADO
33014,Valor razonable,5,3301,3,ACTIVO_INMOVILIZADO
3302,Planta productora en desarrollo,4,330,3,ACTIVO_INMOVILIZADO
33021,Costo,5,3302,3,ACTIVO_INMOVILIZADO
33022,Revaluación,5,3302,3,ACTIVO_INMOVILIZADO
33023,Costo de financiación,5,3302,3,ACTIVO_INMOVILIZADO
33024,Valor razonable,5,3302,3,ACTIVO_INMOVILIZADO
331,Terrenos,3,33,3,ACTIVO_INMOVILIZADO
3311,Terrenos,4,331,3,ACTIVO_INMOVILIZADO
33111,Costo,5,3311,3,ACTIVO_INMOVILIZADO
33112,Revaluación,5,3311,3,ACTIVO_INMOVILIZADO
332,Edificaciones,3,33,3,ACTIVO_INMOVILIZADO
3321,Edificaciones,4,332,3,ACTIVO_INMOVILIZADO
33211,Costo,5,3321,3,ACTIVO_INMOVILIZADO
33212,Revaluación,5,3321,3,ACTIVO_INMOVILIZADO
33213,Costo de financiación,5,3321,3,ACTIVO_INMOVILIZADO
3324,Instalaciones,4,332,3,ACTIVO_INMOVILIZADO
33241,Costo,5,3324,3,ACTIVO_INMOVILIZADO
33242,Revaluación,5,3324,3,ACTIVO_INMOVILIZADO
33243,Costo de financiación,5,3324,3,ACTIVO_INMOVILIZADO
3325,Mejoras en locales arrendados.,4,332,3,ACTIVO_INMOVILIZADO
33251,Costo,5,3325,3,ACTIVO_INMOVILIZADO
33252,Revaluación,5,3325,3,ACTIVO_INMOVILIZADO
33253,Costo de Financiación,5,3325,3,ACTIVO_INMOVILIZADO
333,Maquinaria y equipo de explotación,3,33,3,ACTIVO_INMOVILIZADO
3331,Maquinaria y equipo de explotación,4,333,3,ACTIVO_INMOVILIZADO
33311,Costo,5,3331,3,ACTIVO_INMOVILIZADO
33312,Revaluación,5,3331,3,ACTIVO_INMOVILIZADO
33313,Costo de financiación,5,3331,3,ACTIVO_INMOVILIZADO
334,Unidades de transporte,3,33,3,ACTIVO_INMOVILIZADO
3341,Vehículos motorizados,4,334,3,ACTIVO_INMOVILIZADO
33411,Costo,5,3341,3,ACTIVO_INMOVILIZADO
33412,Revaluación,5,3341,3,ACTIVO_INMOVILIZADO
3342,Vehículos no motorizados,4,334,3,ACTIVO_INMOVILIZADO
33421,Costo,5,3342,3,ACTIVO_INMOVILIZADO
33422,Revaluación,5,3342,3,ACTIVO_INMOVILIZADO
335,Muebles y enseres,3,33,3,ACTIVO_INMOVILIZADO
3351,Muebles,4,335,3,ACTIVO_INMOVILIZADO
33511,Costo,5,3351,3,ACTIVO_INMOVILIZADO
33512,Revaluación,5,3351,3,ACTIVO_INMOVILIZADO
3352,Enseres,4,335,3,ACTIVO_INMOVILIZADO
33521,Costo,5,3352,3,ACTIVO_INMOVILIZADO
33522,Revaluación,5,3352,3,ACTIVO_INMOVILIZADO
336,Equipos diversos,3,33,3,ACTIVO_INMOVILIZADO
3361,Equipo para procesamiento de información,4,336,3,ACTIVO_INMOVILIZADO
33611,Costo,5,3361,3,ACTIVO_INMOVILIZADO
33612,Revaluación,5,3361,3,ACTIVO_INMOVILIZADO
3362,Equipo de comunicación,4,336,3,ACTIVO_INMOVILIZADO
33621,Costo,5,3362,3,ACTIVO_INMOVILIZADO
33622,Revaluación,5,3362,3,ACTIVO_INMOVILIZADO
3363,Equipo de seguridad,4,336,3,ACTIVO_INMOVILIZADO
33631,Costo,5,3363,3,ACTIVO_INMOVILIZADO
33632,Revaluación,5,3363,3,ACTIVO_INMOVILIZADO
3364,Equipo de medio ambiente,4,336,3,ACTIVO_INMOVILIZADO
33641,Costo,5,3364,3,ACTIVO_INMOVILIZADO
33642,Revaluación,5,3364,3,ACTIVO_INMOVILIZADO
3369,Otros equipos,4,336,3,ACTIVO_INMOVILIZADO
33691,Costo,5,3369,3,ACTIVO_INMOVILIZADO
33692,Revaluación,5,3369,3,ACTIVO_INMOVILIZADO
337,Herramientas y unidades de reemplazo,3,33,3,ACTIVO_INMOVILIZADO
3371,Herramientas,4,337,3,ACTIVO_INMOVILIZADO
33711,Costo,5,3371,3,ACTIVO_INMOVILIZADO
33712,Revaluación,5,3371,3,ACTIVO_INMOVILIZADO
3372,Unidades de reemplazo,4,337,3,ACTIVO_INMOVILIZADO
33721,Costo,5,3372,3,ACTIVO_INMOVILIZADO
33722,Revaluación,5,3372,3,ACTIVO_INMOVILIZADO
338,Unidades por recibir,3,33,3,ACTIVO_INMOVILIZADO
3381,Maquinaria y equipo de explotación,4,338,3,ACTIVO_INMOVILIZADO
3382,Equipo de transporte,4,338,3,ACTIVO_INMOVILIZADO
3383,Muebles y enseres,4,338,3,ACTIVO_INMOVILIZADO
3386,Equipos diversos,4,338,3,ACTIVO_INMOVILIZADO
3387,Herramientas y unidades de reemplazo,4,338,3,ACTIVO_INMOVILIZADO
339,Obras en curso,3,33,3,ACTIVO_INMOVILIZADO
3391,Adecuación de terrenos,4,339,3,ACTIVO_INMOVILIZADO
3392,Edificaciones en curso,4,339,3,ACTIVO_INMOVILIZADO
33921,Costo,5,3392,3,ACTIVO_INMOVILIZADO
33922,Costo de financiación,5,3392,3,ACTIVO_INMOVILIZADO
3393,Maquinaria en montaje,4,339,3,ACTIVO_INMOVILIZADO
33931,Costo,5,3393,3,ACTIVO_INMOVILIZADO
33932,Costo de financiación,5,3393,3,ACTIVO_INMOVILIZADO
34,INTANGIBLES,2,3,3,ACTIVO_INMOVILIZADO
341,"Concesiones, licencias y otros derechos",3,34,3,ACTIVO_INMOVILIZADO
3411,Derechos por concesiones,4,341,3,ACTIVO_INMOVILIZADO
34111,Costo,5,3411,3,ACTIVO_INMOVILIZADO
34112,Revaluación,5,3411,3,ACTIVO_INMOVILIZADO
3412,Licencias,4,341,3,ACTIVO_INMOVILIZADO
34121,Costo,5,3412,3,ACTIVO_INMOVILIZADO
34122,Revaluación,5,3412,3,ACTIVO_INMOVILIZADO
3419,Otros derechos,4,341,3,ACTIVO_INMOVILIZADO
34191,Costo,5,3419,3,ACTIVO_INMOVILIZADO
34192,Revaluación,5,3419,3,ACTIVO_INMOVILIZADO
342,Patentes y propiedad industrial,3,34,3,ACTIVO_INMOVILIZADO
3421,Patentes,4,342,3,ACTIVO_INMOVILIZADO
34211,Costo,5,3421,3,ACTIVO_INMOVILIZADO
34212,Revaluación,5,3421,3,ACTIVO_INMOVILIZADO
3422,Marcas,4,342,3,ACTIVO_INMOVILIZADO
34221,Costo,5,3422,3,ACTIVO_INMOVILIZADO
34222,Revaluación,5,3422,3,ACTIVO_INMOVILIZADO
343,Programas de computadora (software),3,34,3,ACTIVO_INMOVILIZADO
3431,Aplicaciones informáticas,4,343,3,ACTIVO_INMOVILIZADO
34311,Costo,5,3431,3,ACTIVO_INMOVILIZADO
34312,Revaluación,5,3431,3,ACTIVO_INMOVILIZADO
344,Costos de exploración y desarrollo,3,34,3,ACTIVO_INMOVILIZADO
3441,Costos de exploración,4,344,3,ACTIVO_INMOVILIZADO
34411,Costo,5,3441,3,ACTIVO_INMOVILIZADO
34412,Revaluación,5,3441,3,ACTIVO_INMOVILIZADO
34413,Costo de financiación,5,3441,3,ACTIVO_INMOVILIZADO
3442,Costos de desarrollo,4,344,3,ACTIVO_INMOVILIZADO
34421,Costo,5,3442,3,ACTIVO_INMOVILIZADO
34422,Revaluación,5,3442,3,ACTIVO_INMOVILIZADO
34423,Costo de financiación,5,3442,3,ACTIVO_INMOVILIZADO
345,"Fórmulas, diseños y prototipos",3,34,3,ACTIVO_INMOVILIZADO
3451,Fórmulas,4,345,3,ACTIVO_INMOVILIZADO
34511,Costo,5,3451,3,ACTIVO_INMOVILIZADO
34512,Revaluación,5,3451,3,ACTIVO_INMOVILIZADO
3452,Diseños y prototipos,4,345,3,ACTIVO_INMOVILIZADO
34521,Costo,5,3452,3,ACTIVO_INMOVILIZADO
34522,Revaluación,5,3452,3,ACTIVO_INMOVILIZADO
347,Plusvalía mercantil,3,34,3,ACTIVO_INMOVILIZADO
3471,Plusvalía mercantil,4,347,3,ACTIVO_INMOVILIZADO
349,Otros activos intangibles,3,34,3,ACTIVO_INMOVILIZADO
3491,Otros activos intangibles,4,349,3,ACTIVO_INMOVILIZADO
34911,Costo,5,3491,3,ACTIVO_INMOVILIZADO
34912,Revaluación,5,3491,3,ACTIVO_INMOVILIZADO
35,ACTIVOS BIOLÓGICOS,2,3,3,ACTIVO_INMOVILIZADO
351,Activos biológicos en producción,3,35,3,ACTIVO_INMOVILIZADO
3511,De origen animal,4,351,3,ACTIVO_INMOVILIZADO
35111,Costo,5,3511,3,ACTIVO_INMOVILIZADO
35113,Costo de financiación,5,3511,3,ACTIVO_INMOVILIZADO
35114,Valor razonable,5,3511,3,ACTIVO_INMOVILIZADO
3512,De origen vegetal,4,351,3,ACTIVO_INMOVILIZADO
35121,Costo,5,3512,3,ACTIVO_INMOVILIZADO
35123,Costo de financiación,5,3512,3,ACTIVO_INMOVILIZADO
35124,Valor razonable,5,3512,3,ACTIVO_INMOVILIZADO
352,Activos biológicos en desarrollo,3,35,3,ACTIVO_INMOVILIZADO
3521,De origen animal,4,352,3,ACTIVO_INMOVILIZADO
35211,Costo,5,3521,3,ACTIVO_INMOVILIZADO
35213,Costo de financiación,5,3521,3,ACTIVO_INMOVILIZADO
35214,Valor razonable,5,3521,3,ACTIVO_INMOVILIZADO
3522,De origen vegetal,4,352,3,ACTIVO_INMOVILIZADO
35221,Costo,5,3522,3,ACTIVO_INMOVILIZADO
35223,Costo de financiación,5,3522,3,ACTIVO_INMOVILIZADO
35224,Valor razonable,5,3522,3,ACTIVO_INMOVILIZADO
36,DESVALORIZACIÓN DE ACTIVO INMOVILIZADO,2,3,3,ACTIVO_INMOVILIZADO
361,Desvalorización de propiedades de inversión,3,36,3,ACTIVO_INMOVILIZADO
3611,Terrenos,4,361,3,ACTIVO_INMOVILIZADO
36111,Costo,5,3611,3,ACTIVO_INMOVILIZADO
36112,Revaluación,5,3611,3,ACTIVO_INMOVILIZADO
3612,Edificaciones,4,361,3,ACTIVO_INMOVILIZADO
36121,Costo,5,3612,3,ACTIVO_INMOVILIZADO
36122,Revaluación,5,3612,3,ACTIVO_INMOVILIZADO
36123,Costo de financiación,5,3612,3,ACTIVO_INMOVILIZADO
3613,Construcciones en curso - edificaciones,4,361,3,ACTIVO_INMOVILIZADO
36131,Costo,5,3613,3,ACTIVO_INMOVILIZADO
36132,Revaluación,5,3613,3,ACTIVO_INMOVILIZADO
36133,Costo de financiación,5,3613,3,ACTIVO_INMOVILIZADO
362,Desvalorización de propiedades de inversión - Arrendamiento financiero,3,36,3,ACTIVO_INMOVILIZADO
3621,Terrenos,4,362,3,ACTIVO_INMOVILIZADO
36211,Costo,5,3621,3,ACTIVO_INMOVILIZADO
36212,Revaluación,5,3621,3,ACTIVO_INMOVILIZADO
3622,Edificaciones,4,362,3,ACTIVO_INMOVILIZADO
36221,Costo,5,3622,3,ACTIVO_INMOVILIZADO
36222,Revaluación,5,3622,3,ACTIVO_INMOVILIZADO
36223,Costo de financiación,5,3622,3,ACTIVO_INMOVILIZADO
363,"Desvalorización de propiedad, planta y equipo - Arrendamiento financiero",3,36,3,ACTIVO_INMOVILIZADO
3631,Terrenos,4,363,3,ACTIVO_INMOVILIZADO
36311,Costo,5,3631,3,ACTIVO_INMOVILIZADO
36312,Revaluación,5,3631,3,ACTIVO_INMOVILIZADO
3632,Edificaciones,4,363,3,ACTIVO_INMOVILIZADO
36321,Costo,5,3632,3,ACTIVO_INMOVILIZADO
36322,Revaluación,5,3632,3,ACTIVO_INMOVILIZADO
36323,Costo de financiación,5,3632,3,ACTIVO_INMOVILIZADO
3633,Maquinaria y equipo de explotación,4,363,3,ACTIVO_INMOVILIZADO
36331,Costo,5,3633,3,ACTIVO_INMOVILIZADO
36332,Revaluación,5,3633,3,ACTIVO_INMOVILIZADO
36333,Costo de financiación,5,3633,3,ACTIVO_INMOVILIZADO
3634,Unidades de transporte,4,363,3,ACTIVO_INMOVILIZADO
36341,Costo,5,3634,3,ACTIVO_INMOVILIZADO
36342,Revaluación,5,3634,3,ACTIVO_INMOVILIZADO
3635,Muebles y enseres,4,363,3,ACTIVO_INMOVILIZADO
36351,Costo,5,3635,3,ACTIVO_INMOVILIZADO
36352,Revaluación,5,3635,3,ACTIVO_INMOVILIZADO
3636,Equipos diversos,4,363,3,ACTIVO_INMOVILIZADO
36361,Costo,5,3636,3,ACTIVO_INMOVILIZADO
36362,Revaluación,5,3636,3,ACTIVO_INMOVILIZADO
364,"Desvalorización de propiedad, planta y equipo",3,36,3,ACTIVO_INMOVILIZADO
3640,Planta productora en producción,4,364,3,ACTIVO_INMOVILIZADO
36401,Costo,5,3640,3,ACTIVO_INMOVILIZADO
36402,Planta productora en producción - Revaluación,5,3640,3,ACTIVO_INMOVILIZADO
36403,Planta productora en producción - Costo de financiación,5,3640,3,ACTIVO_INMOVILIZADO
33404,Planta productora en producción - Valor razonable,5,3640,3,ACTIVO_INMOVILIZADO
36405,Planta productora en desarrollo - Costo,5,3640,3,ACTIVO_INMOVILIZADO
36406,Planta productora en desarrollo - Revaluación,5,3640,3,ACTIVO_INMOVILIZADO
36407,Planta productora en desarrollo - Costo de financiación,5,3640,3,ACTIVO_INMOVILIZADO
36408,Planta productora en desarrollo - Valor razonable,5,3640,3,ACTIVO_INMOVILIZADO
3641,Terrenos,4,364,3,ACTIVO_INMOVILIZADO
36411,Costo,5,3641,3,ACTIVO_INMOVILIZADO
36412,Revaluación,5,3641,3,ACTIVO_INMOVILIZADO
3642,Edificaciones,4,364,3,ACTIVO_INMOVILIZADO
36421,Edificaciones - Costo,5,3642,3,ACTIVO_INMOVILIZADO
36422,Edificaciones - Revaluación,5,3642,3,ACTIVO_INMOVILIZADO
36423,Edificaciones - Costo de financiación,5,3642,3,ACTIVO_INMOVILIZADO
36424,Instalaciones - Costo,5,3642,3,ACTIVO_INMOVILIZADO
36425,Instalaciones - Revaluación,5,3642,3,ACTIVO_INMOVILIZADO
36426,Instalaciones - Costo de financiación,5,3642,3,ACTIVO_INMOVILIZADO
36427,Mejoras en locales arrendados - Costo,5,3642,3,ACTIVO_INMOVILIZADO
36428,Mejoras en locales arrendados - Revaluación,5,3642,3,ACTIVO_INMOVILIZADO
36429,Mejoras en locales arrendados - Costo de financiación,5,3642,3,ACTIVO_INMOVILIZADO
3643,Maquinaria y equipo de explotación,4,364,3,ACTIVO_INMOVILIZADO
36431,Costo,5,3643,3,ACTIVO_INMOVILIZADO
36432,Revaluación,5,3643,3,ACTIVO_INMOVILIZADO
36433,Costo de financiación,5,3643,3,ACTIVO_INMOVILIZADO
3644,Unidades de transporte,4,364,3,ACTIVO_INMOVILIZADO
36441,Costo,5,3644,3,ACTIVO_INMOVILIZADO
36442,Revaluación,5,3644,3,ACTIVO_INMOVILIZADO
3645,Muebles y enseres,4,364,3,ACTIVO_INMOVILIZADO
36451,Costo,5,3645,3,ACTIVO_INMOVILIZADO
36452,Revaluación,5,3645,3,ACTIVO_INMOVILIZADO
3646,Equipos diversos,4,364,3,ACTIVO_INMOVILIZADO
36461,Costo,5,3646,3,ACTIVO_INMOVILIZADO
36462,Revaluación,5,3646,3,ACTIVO_INMOVILIZADO
3647,Herramientas y unidades de reemplazo,4,364,3,ACTIVO_INMOVILIZADO
36471,Herramientas - Costo,5,3647,3,ACTIVO_INMOVILIZADO
38472,Herramientas - Revaluación,5,3647,3,ACTIVO_INMOVILIZADO
38473,Unidades de reemplazo - costo,5,3647,3,ACTIVO_INMOVILIZADO
38474,Unidades de reemplazo - Revaluación,5,3647,3,ACTIVO_INMOVILIZADO
3649,Obras en curso,4,364,3,ACTIVO_INMOVILIZADO
36491,Costo,5,3649,3,ACTIVO_INMOVILIZADO
36492,Revaluación,5,3649,3,ACTIVO_INMOVILIZADO
365,Desvalorización de intangibles,3,36,3,ACTIVO_INMOVILIZADO
3651,"Concesiones, licencias y otros derechos",4,365,3,ACTIVO_INMOVILIZADO
36511,Costo,5,3651,3,ACTIVO_INMOVILIZADO
36512,Revaluación,5,3651,3,ACTIVO_INMOVILIZADO
3652,Patentes y propiedad industrial,4,365,3,ACTIVO_INMOVILIZADO
36521,Costo,5,3652,3,ACTIVO_INMOVILIZADO
36522,Revaluación,5,3652,3,ACTIVO_INMOVILIZADO
3653,Programas de computadora (software),4,365,3,ACTIVO_INMOVILIZADO
36531,Costo,5,3653,3,ACTIVO_INMOVILIZADO
36532,Revaluación,5,3653,3,ACTIVO_INMOVILIZADO
3654,Costos de exploración y desarrollo,4,365,3,ACTIVO_INMOVILIZADO
36541,Costo,5,3654,3,ACTIVO_INMOVILIZADO
36542,Revaluación,5,3654,3,ACTIVO_INMOVILIZADO
36543,Costo de financiación,5,3654,3,ACTIVO_INMOVILIZADO
3655,"Fórmulas, diseños y prototipos",4,365,3,ACTIVO_INMOVILIZADO
36551,Costo,5,3655,3,ACTIVO_INMOVILIZADO
36552,Revaluación,5,3655,3,ACTIVO_INMOVILIZADO
3657,Plusvalía mercantil,4,365,3,ACTIVO_INMOVILIZADO
3659,Otros activos intangibles,4,365,3,ACTIVO_INMOVILIZADO
36591,Costo,5,3659,3,ACTIVO_INMOVILIZADO
36592,Revaluación,5,3659,3,ACTIVO_INMOVILIZADO
366,Desvalorización de activos biológicos,3,36,3,ACTIVO_INMOVILIZADO
3661,Activos biológicos en producción,4,366,3,ACTIVO_INMOVILIZADO
36611,Costo,5,3661,3,ACTIVO_INMOVILIZADO
36613,Costo de financiación,5,3661,3,ACTIVO_INMOVILIZADO
3662,Activos biológicos en desarrollo,4,366,3,ACTIVO_INMOVILIZADO
36621,Costo,5,3662,3,ACTIVO_INMOVILIZADO
36622,Costo de financiación,5,3662,3,ACTIVO_INMOVILIZADO
367,Desvalorización de inversiones mobiliarias,3,36,3,ACTIVO_INMOVILIZADO
3671,Inversiones a ser mantenidas hasta el vencimiento,4,367,3,ACTIVO_INMOVILIZADO
36711,Costo,5,3671,3,ACTIVO_INMOVILIZADO
3672,Inversiones financieras representativas de derecho patrimonial,4,367,3,ACTIVO_INMOVILIZADO
36721,Costo,5,3672,3,ACTIVO_INMOVILIZADO
3673,Otras inversiones financieras,4,367,3,ACTIVO_INMOVILIZADO
36731,Costo,5,3673,3,ACTIVO_INMOVILIZADO
37,ACTIVO DIFERIDO,2,3,3,ACTIVO_INMOVILIZADO
371,Impuesto a la renta diferido,3,37,3,ACTIVO_INMOVILIZADO
3711,Impuesto a la renta diferido  Patrimonio,4,371,3,ACTIVO_INMOVILIZADO
3712,Impuesto a la renta diferido  Resultados,4,371,3,ACTIVO_INMOVILIZADO
372,Participaciones de los trabajadores diferidas,3,37,3,ACTIVO_INMOVILIZADO
3721,Participaciones de los trabajadores diferidas  Patrimonio,4,372,3,ACTIVO_INMOVILIZADO
3722,Participaciones de los trabajadores diferidas  Resultados,4,372,3,ACTIVO_INMOVILIZADO
373,Intereses diferidos,3,37,3,ACTIVO_INMOVILIZADO
3731,Intereses no devengados en transacciones con terceros,4,373,3,ACTIVO_INMOVILIZADO
3732,Intereses no devengados en medición a valor descontado,4,373,3,ACTIVO_INMOVILIZADO
38,OTROS ACTIVOS,2,3,3,ACTIVO_INMOVILIZADO
381,Bienes de arte y cultura,3,38,3,ACTIVO_INMOVILIZADO
3811,Obras de arte,4,381,3,ACTIVO_INMOVILIZADO
3812,Biblioteca,4,381,3,ACTIVO_INMOVILIZADO
3813,Otros,4,381,3,ACTIVO_INMOVILIZADO
382,Diversos,3,38,3,ACTIVO_INMOVILIZADO
3821,Monedas y joyas,4,382,3,ACTIVO_INMOVILIZADO
3822,Bienes entregados en comodato,4,382,3,ACTIVO_INMOVILIZADO
3823,Bienes recibidos en pago (adjudicados y realizables),4,382,3,ACTIVO_INMOVILIZADO
3829,Otros,4,382,3,ACTIVO_INMOVILIZADO
39,DEPRECIACIÓN y AMORTIZACIÓN ACUMULADOS,2,3,3,ACTIVO_INMOVILIZADO
391,Depreciación acumulada propiedades de inversión,3,39,3,ACTIVO_INMOVILIZADO
3911,Edificaciones,4,391,3,ACTIVO_INMOVILIZADO
39111,Costo,5,3911,3,ACTIVO_INMOVILIZADO
39112,Revaluación,5,3911,3,ACTIVO_INMOVILIZADO
39113,Costo de financiación,5,3911,3,ACTIVO_INMOVILIZADO
392,Depreciación acumulada propiedades de inversión - Arrendamiento financiero,3,39,3,ACTIVO_INMOVILIZADO
3921,Edificaciones,4,392,3,ACTIVO_INMOVILIZADO
39211,Costo,5,3921,3,ACTIVO_INMOVILIZADO
39212,Revaluación,5,3921,3,ACTIVO_INMOVILIZADO
39213,Costo de financiación,5,3921,3,ACTIVO_INMOVILIZADO
393,"Depreciación acumulada propiedad, planta y equipo - Arrendamiento financiero",3,39,3,ACTIVO_INMOVILIZADO
3932,Edificaciones,4,393,3,ACTIVO_INMOVILIZADO
39321,Costo,5,3932,3,ACTIVO_INMOVILIZADO
39322,Revaluación,5,3932,3,ACTIVO_INMOVILIZADO
39323,Costo de financiación,5,3932,3,ACTIVO_INMOVILIZADO
3933,Maquinarias y equipos de explotación,4,393,3,ACTIVO_INMOVILIZADO
39331,Costo,5,3933,3,ACTIVO_INMOVILIZADO
39332,Revaluación,5,3933,3,ACTIVO_INMOVILIZADO
39333,Costo de financiación,5,3933,3,ACTIVO_INMOVILIZADO
3934,Unidades de transporte,4,393,3,ACTIVO_INMOVILIZADO
39341,Costo,5,3934,3,ACTIVO_INMOVILIZADO
39342,Revaluación,5,3934,3,ACTIVO_INMOVILIZADO
3935,Muebles y enseres,4,393,3,ACTIVO_INMOVILIZADO
39351,Costo,5,3935,3,ACTIVO_INMOVILIZADO
38352,Revaluación,5,3935,3,ACTIVO_INMOVILIZADO
3936,Equipos diversos,4,393,3,ACTIVO_INMOVILIZADO
39361,Costo,5,3936,3,ACTIVO_INMOVILIZADO
39362,Revaluación,5,3936,3,ACTIVO_INMOVILIZADO
394,Depreciación acumulada - Arrendamiento operativo,3,39,3,ACTIVO_INMOVILIZADO
3941,Activos por derecho de uso - arrendamiento operativo,4,394,3,ACTIVO_INMOVILIZADO
39410,Plantas productoras,5,3941,3,ACTIVO_INMOVILIZADO
39411,Terrenos,5,3941,3,ACTIVO_INMOVILIZADO
39412,Edificaciones,5,3941,3,ACTIVO_INMOVILIZADO
39413,Maquinarias y equipos de explotación,5,3941,3,ACTIVO_INMOVILIZADO
39414,Unidades de transporte,5,3941,3,ACTIVO_INMOVILIZADO
39415,Equipos diversos,5,3941,3,ACTIVO_INMOVILIZADO
395,"Depreciación acumulada de propiedad, planta y equipo",3,39,3,ACTIVO_INMOVILIZADO
3952,Depreciación acumulada - Costo,4,395,3,ACTIVO_INMOVILIZADO
39520,Plantas productoras,5,3952,3,ACTIVO_INMOVILIZADO
39521,Edificaciones,5,3952,3,ACTIVO_INMOVILIZADO
39522,Instalaciones,5,3952,3,ACTIVO_INMOVILIZADO
39523,Mejoras en locales arrendados,5,3952,3,ACTIVO_INMOVILIZADO
39524,Maquinarias y equipos de explotación,5,3952,3,ACTIVO_INMOVILIZADO
39525,Unidades de transporte,5,3952,3,ACTIVO_INMOVILIZADO
39526,Muebles y enseres,5,3952,3,ACTIVO_INMOVILIZADO
39527,Equipos diversos,5,3952,3,ACTIVO_INMOVILIZADO
39528,Herramientas,5,3952,3,ACTIVO_INMOVILIZADO
39529,Unidades de reemplazo,5,3952,3,ACTIVO_INMOVILIZADO
3953,"Propiedad, planta y equipo - Revaluación",4,395,3,ACTIVO_INMOVILIZADO
39530,Plantas productoras,5,3953,3,ACTIVO_INMOVILIZADO
39531,Edificaciones,5,3953,3,ACTIVO_INMOVILIZADO
39532,Instalaciones,5,3953,3,ACTIVO_INMOVILIZADO
39533,Mejoras en locales arrendados,5,3953,3,ACTIVO_INMOVILIZADO
39534,Maquinarias y equipos de explotación,5,3953,3,ACTIVO_INMOVILIZADO
39535,Unidades de transporte,5,3953,3,ACTIVO_INMOVILIZADO
39536,Muebles y enseres,5,3953,3,ACTIVO_INMOVILIZADO
39537,Equipos diversos,5,3953,3,ACTIVO_INMOVILIZADO
39538,Herramientas y unidades de reemplazo,5,3953,3,ACTIVO_INMOVILIZADO
3954,"Propiedad, planta y equipo - Costo de financiación",4,395,3,ACTIVO_INMOVILIZADO
39540,Plantas productoras,5,3954,3,ACTIVO_INMOVILIZADO
39541,Edificaciones,5,3954,3,ACTIVO_INMOVILIZADO
39542,Maquinarias y equipos de explotación,5,3954,3,ACTIVO_INMOVILIZADO
3955,"Propiedad, planta y equipo - Valor razonable",4,395,3,ACTIVO_INMOVILIZADO
39550,Plantas productoras,5,3955,3,ACTIVO_INMOVILIZADO
396,Amortización acumulada,3,39,3,ACTIVO_INMOVILIZADO
3961,Intangibles  Costo,4,396,3,ACTIVO_INMOVILIZADO
39611,"Concesiones, licencias y otros derechos",5,3961,3,ACTIVO_INMOVILIZADO
39612,Patentes y propiedad industrial,5,3961,3,ACTIVO_INMOVILIZADO
39613,Programas de computadora (software),5,3961,3,ACTIVO_INMOVILIZADO
39614,Costos de exploración y desarrollo,5,3961,3,ACTIVO_INMOVILIZADO
39615,"Fórmulas, diseños y prototipos",5,3961,3,ACTIVO_INMOVILIZADO
39619,Otros activos intangibles,5,3961,3,ACTIVO_INMOVILIZADO
3962,Intangibles  Revaluación,4,396,3,ACTIVO_INMOVILIZADO
39621,"Concesiones, licencias y otros derechos",5,3962,3,ACTIVO_INMOVILIZADO
39622,Patentes y propiedad industrial,5,3962,3,ACTIVO_INMOVILIZADO
39623,Programas de computadora (software),5,3962,3,ACTIVO_INMOVILIZADO
39624,Costos de exploración y desarrollo,5,3962,3,ACTIVO_INMOVILIZADO
39625,"Fórmulas, diseños y prototipos",5,3962,3,ACTIVO_INMOVILIZADO
39629,Otros activos intangibles,5,3962,3,ACTIVO_INMOVILIZADO
3963,Intangibles  Costos de financiación,4,396,3,ACTIVO_INMOVILIZADO
39635,Costos de desarrollo,5,3963,3,ACTIVO_INMOVILIZADO
398,Depreciación acumulada - Activos biológicos en producción,3,39,3,ACTIVO_INMOVILIZADO
3981,Activos biológicos en producción - Costo,4,398,3,ACTIVO_INMOVILIZADO
39811,Activos biológicos en producción,5,3981,3,ACTIVO_INMOVILIZADO
4,PASIVO,1,,4,PASIVO
40,"TRIBUTOS, CONTRAPRESTACIONES Y APORTES AL SISTEMA PÚBLICO DE",2,4,4,PASIVO
401,Gobierno nacional,3,40,4,PASIVO
4011,Impuesto general a las ventas,4,401,4,PASIVO
40111,IGV  Cuenta propia,5,4011,4,PASIVO
40112,IGV  Servicios prestados por no domiciliados,5,4011,4,PASIVO
40113,IGV  Régimen de percepciones,5,4011,4,PASIVO
40114,IGV  Régimen de retenciones,5,4011,4,PASIVO
40115,IGV  Importaciones,5,4011,4,PASIVO
40116,IGV  Destinado a operaciones gravadas,5,4011,4,PASIVO
40117,IGV - Destinado a operaciones comunes,5,4011,4,PASIVO
4012,Impuesto selectivo al consumo,4,401,4,PASIVO
4015,Derechos aduaneros,4,401,4,PASIVO
40151,Derechos arancelarios,5,4015,4,PASIVO
40152,Otros derechos arancelarios,5,4015,4,PASIVO
4017,Impuesto a la renta,4,401,4,PASIVO
40171,Renta de tercera categoría,5,4017,4,PASIVO
40172,Renta de cuarta categoría,5,4017,4,PASIVO
40173,Renta de quinta categoría,5,4017,4,PASIVO
40174,Renta de no domiciliados,5,4017,4,PASIVO
40175,Otras retenciones,5,4017,4,PASIVO
4018,Otros impuestos y contraprestaciones,4,401,4,PASIVO
40181,Impuesto a las transacciones financieras,5,4018,4,PASIVO
40182,Impuesto a los juegos de casino y tragamonedas,5,4018,4,PASIVO
40183,Tasas por la prestación de servicios públicos,5,4018,4,PASIVO
40184,Regalías,5,4018,4,PASIVO
40185,Impuesto a los dividendos,5,4018,4,PASIVO
40186,Impuesto temporal a los activos netos,5,4018,4,PASIVO
40189,Otros impuestos,5,4018,4,PASIVO
402,Certificados tributarios,3,40,4,PASIVO
403,Instituciones públicas,3,40,4,PASIVO
4031,ESSALUD,4,403,4,PASIVO
4032,ONP,4,403,4,PASIVO
4033,Contribución al SENATI,4,403,4,PASIVO
4034,Contribución al SENCICO,4,403,4,PASIVO
4039,Otras instituciones,4,403,4,PASIVO
405,Gobiernos regionales,3,40,4,PASIVO
406,Gobiernos locales,3,40,4,PASIVO
4061,Impuestos,4,406,4,PASIVO
40611,Impuesto al patrimonio vehicular,5,4061,4,PASIVO
40612,Impuesto a las apuestas,5,4061,4,PASIVO
40613,Impuesto a los juegos,5,4061,4,PASIVO
40614,Impuesto de alcabala,5,4061,4,PASIVO
40615,Impuesto predial,5,4061,4,PASIVO
40616,Impuesto a los espectáculos públicos no deportivos,5,4061,4,PASIVO
4062,Contribuciones,4,406,4,PASIVO
4063,Tasas,4,406,4,PASIVO
40631,Licencia de apertura de establecimientos,5,4063,4,PASIVO
40632,Transporte público,5,4063,4,PASIVO
40633,Estacionamiento de vehículos,5,4063,4,PASIVO
40634,Servicios públicos o arbitrios,5,4063,4,PASIVO
40635,Servicios administrativos o derechos,5,4063,4,PASIVO
409,Otros costos administrativos e intereses,3,40,4,PASIVO
41,REMUNERACIONES Y PARTICIPACIONES POR PAGAR,2,4,4,PASIVO
411,Remuneraciones por pagar,3,41,4,PASIVO
4111,Sueldos y salarios por pagar,4,411,4,PASIVO
4112,Comisiones por pagar,4,411,4,PASIVO
4113,Remuneraciones en especie por pagar,4,411,4,PASIVO
4114,Gratificaciones por pagar,4,411,4,PASIVO
4115,Vacaciones por pagar,4,411,4,PASIVO
413,Participaciones de los trabajadores por pagar,3,41,4,PASIVO
415,Beneficios sociales de los trabajadores por pagar,3,41,4,PASIVO
4151,Compensación por tiempo de servicios,4,415,4,PASIVO
4152,Adelanto de compensación por tiempo de servicios,4,415,4,PASIVO
4153,Pensiones y jubilaciones,4,415,4,PASIVO
417,Administradoras de fondos de pensiones,3,41,4,PASIVO
419,Otras remuneraciones y participaciones por pagar,3,41,4,PASIVO
42,CUENTAS POR PAGAR COMERCIALES TERCEROS,2,4,4,PASIVO
421,"Facturas, boletas y otros comprobantes por pagar",3,42,4,PASIVO
4211,No emitidas,4,421,4,PASIVO
4212,Emitidas,4,421,4,PASIVO
422,Anticipos a proveedores,3,42,4,PASIVO
423,Letras por pagar,3,42,4,PASIVO
424,H onorarios por pagar,3,42,4,PASIVO
43,CUENTAS POR PAGAR COMERCIALES RELACIONADAS,2,4,4,PASIVO
431,"Facturas, boletas y otros comprobantes por pagar",3,43,4,PASIVO
4311,No emitidas,4,431,4,PASIVO
4312,Emitidas,4,431,4,PASIVO
432,Anticipos otorgados,3,43,4,PASIVO
4321,Anticipos otorgados,4,432,4,PASIVO
433,Letras por pagar,3,43,4,PASIVO
4331,Letras por pagar,4,433,4,PASIVO
434,Honorarios por pagar,3,43,4,PASIVO
4341,Honorarios por pagar,4,434,4,PASIVO
44,"CUENTAS POR PAGAR A LOS ACCIONISTAS (SOCIOS, PARTÍCIPES) Y",2,4,4,PASIVO
441,"Accionistas ( socios, partícipes)",3,44,4,PASIVO
4411,Préstamos,4,441,4,PASIVO
4412,Dividendos,4,441,4,PASIVO
4419,Otras cuentas por pagar,4,441,4,PASIVO
442,Directores,3,44,4,PASIVO
4421,Dietas,4,442,4,PASIVO
4429,Otras cuentas por pagar,4,442,4,PASIVO
45,OBLIGACIONES FINANCIERAS,2,4,4,PASIVO
451,Préstamos de instituciones financieras y otras entidades,3,45,4,PASIVO
4511,Instituciones financieras,4,451,4,PASIVO
4512,Otras entidades,4,451,4,PASIVO
452,Contratos de arrendamiento financiero,3,45,4,PASIVO
453,Obligaciones emitidas,3,45,4,PASIVO
4531,Bonos emitidos,4,453,4,PASIVO
4532,Bonos titulizados,4,453,4,PASIVO
4533,Papeles comerciales,4,453,4,PASIVO
4539,Otras obligaciones,4,453,4,PASIVO
454,Otros Instrumentos financieros por pagar,3,45,4,PASIVO
4541,Letras,4,454,4,PASIVO
4542,Papeles comerciales,4,454,4,PASIVO
4543,Bonos,4,454,4,PASIVO
4544,Pagarés,4,454,4,PASIVO
4545,Facturas conformadas,4,454,4,PASIVO
4549,Otras obligaciones financieras,4,454,4,PASIVO
455,Costos de financiación por pagar,3,45,4,PASIVO
4551,Préstamos de instituciones financieras y otras entidades,4,455,4,PASIVO
45511,Instituciones financieras,5,4551,4,PASIVO
45512,Otras entidades,5,4551,4,PASIVO
4552,Contratos de arrendamiento financiero,4,455,4,PASIVO
4553,Obligaciones emitidas,4,455,4,PASIVO
45531,Bonos emitidos,5,4553,4,PASIVO
45532,Bonos titulizados,5,4553,4,PASIVO
45533,Papeles comerciales,5,4553,4,PASIVO
45539,Otras obligaciones,5,4553,4,PASIVO
4554,Otros instrumentos financieros por pagar,4,455,4,PASIVO
45541,Letras,5,4554,4,PASIVO
45542,Papeles comerciales,5,4554,4,PASIVO
45543,Bonos,5,4554,4,PASIVO
45544,Pagarés,5,4554,4,PASIVO
45545,Facturas conformadas,5,4554,4,PASIVO
45549,Otras obligaciones financieras,5,4554,4,PASIVO
456,Préstamos con compromisos de recompra,3,45,4,PASIVO
46,CUENTAS POR PAGAR DIVERSAS  TERCEROS,2,4,4,PASIVO
461,Reclamaciones de terceros,3,46,4,PASIVO
464,Pasivos por instrumentos financieros,3,46,4,PASIVO
4641,Instrumentos financieros primarios,4,464,4,PASIVO
4642,Instrumentos financieros derivados,4,464,4,PASIVO
46421,Cartera de negociación,5,4642,4,PASIVO
46422,Instrumentos de cobertura,5,4642,4,PASIVO
465,Pasivos por compra de activo inmovilizado,3,46,4,PASIVO
4651,Inversiones mobiliarias,4,465,4,PASIVO
4652,Propiedades de inversión,4,465,4,PASIVO
4653,Activos adquiridos en arrendamiento financiero,4,465,4,PASIVO
4654,"Propiedad, planta y equipo",4,465,4,PASIVO
4655,Intangibles,4,465,4,PASIVO
4656,Activos biológicos,4,465,4,PASIVO
466,Participación de terceros en acuerdos conjuntos,3,46,4,PASIVO
467,Depósitos recibidos en garantía,3,46,4,PASIVO
469,Otras cuentas por pagar diversas,3,46,4,PASIVO
4691,Subsidios gubernamentales,4,469,4,PASIVO
4692,Donaciones condicionadas,4,469,4,PASIVO
4699,Otras cuentas por pagar,4,469,4,PASIVO
47,CUENTAS POR PAGAR DIVERSAS  RELACIONADAS,2,4,4,PASIVO
471,Préstamos,3,47,4,PASIVO
472,Costos de financiación,3,47,4,PASIVO
473,Anticipos recibidos,3,47,4,PASIVO
474,Regalías,3,47,4,PASIVO
475,Dividendos,3,47,4,PASIVO
476,Depósitos recibidos en garantía,3,47,4,PASIVO
477,Pasivo por compra de activo inmovilizado,3,47,4,PASIVO
4771,Inversiones mobiliarias,4,477,4,PASIVO
4772,Inversiones inmobiliarias,4,477,4,PASIVO
4773,Activos adquiridos en arrendamiento financiero,4,477,4,PASIVO
4774,"Propiedad, planta y equipo",4,477,4,PASIVO
4775,Intangibles,4,477,4,PASIVO
4776,Activos biológicos,4,477,4,PASIVO
479,Otras cuentas por pagar diversas,3,47,4,PASIVO
4791,O tras cuentas por pagar diversas,4,479,4,PASIVO
48,PROVISIONES,2,4,4,PASIVO
481,Provisión para litigios,3,48,4,PASIVO
482,"Provisión por desmantelamiento, retiro o rehabilitación del inmovilizado",3,48,4,PASIVO
483,Provisión para reestructuraciones,3,48,4,PASIVO
484,Provisión para protección y remediación del medio ambiente,3,48,4,PASIVO
485,Provisión para gastos de responsabilidad social,3,48,4,PASIVO
486,Provisión para garantías,3,48,4,PASIVO
487,Provisión por activos por derecho de uso,3,48,4,PASIVO
489,Otras provisiones,3,48,4,PASIVO
49,PASIVO DIFERIDO,2,4,4,PASIVO
491,Impuesto a la renta diferido,3,49,4,PASIVO
4911,Impuesto a la renta diferido  Patrimonio,4,491,4,PASIVO
4912,Impuesto a la renta diferido  Resultados,4,491,4,PASIVO
492,Participaciones de los trabajadores diferidas,3,49,4,PASIVO
4921,Participaciones de los trabajadores diferidas  Patrimonio,4,492,4,PASIVO
4922,Participaciones de los trabajadores diferidas  Resultados,4,492,4,PASIVO
493,Intereses diferidos,3,49,4,PASIVO
4931,Intereses no devengados en transacciones con terceros,4,493,4,PASIVO
4932,Intereses no devengados en medición a valor descontado,4,493,4,PASIVO
494,Ganancia en venta con arrendamiento financiero paralelo,3,49,4,PASIVO
495,Subsidios recibidos diferidos,3,49,4,PASIVO
496,Ingresos diferidos,3,49,4,PASIVO
497,Costos diferidos,3,49,4,PASIVO
5,PATRIMONIO NETO,1,,5,PATRIMONIO
50,CAPITAL,2,5,5,PATRIMONIO
501,Capital social,3,50,5,PATRIMONIO
5011,Acciones,4,501,5,PATRIMONIO
5012,Participaciones,4,501,5,PATRIMONIO
502,Acciones en tesorería,3,50,5,PATRIMONIO
51,ACCIONES DE INVERSIÓN,2,5,5,PATRIMONIO
511,Acciones de inversión,3,51,5,PATRIMONIO
512,A cciones de inversión en tesorería,3,51,5,PATRIMONIO
52,CAPITAL ADICIONAL,2,5,5,PATRIMONIO
521,Primas (descuento) de acciones,3,52,5,PATRIMONIO
522,Capitalizaciones en trámite,3,52,5,PATRIMONIO
5221,Aportes,4,522,5,PATRIMONIO
5222,Reservas,4,522,5,PATRIMONIO
5223,Acreencias,4,522,5,PATRIMONIO
5224,Utilidades,4,522,5,PATRIMONIO
523,R educciones de capital pendientes de formalización,3,52,5,PATRIMONIO
56,RESULTADOS NO REALIZADOS,2,5,5,PATRIMONIO
561,Diferencia en cambio de inversiones permanentes en entidades extranjeras,3,56,5,PATRIMONIO
562,Instrumentos financieros  Coberturas,3,56,5,PATRIMONIO
563,Resultado en activos o pasivos financieros mantenidos para negociación,3,56,5,PATRIMONIO
5631,Ganancia,4,563,5,PATRIMONIO
5632,Pérdida,4,563,5,PATRIMONIO
564,Resultado en otros activos o pasivos por inversiones financieras,3,56,5,PATRIMONIO
5641,Ganancia,4,564,5,PATRIMONIO
5642,Pérdida,4,564,5,PATRIMONIO
565,Resultado en activos o pasivos financieros mantenidos para negociación  Compra,3,56,5,PATRIMONIO
5651,Ganancia,4,565,5,PATRIMONIO
5652,Pérdida,4,565,5,PATRIMONIO
57,EXCEDENTE DE REVALUACIÓN,2,5,5,PATRIMONIO
571,Excedente de revaluación,3,57,5,PATRIMONIO
5711,Propiedad de inversión,4,571,5,PATRIMONIO
57111,Adquisición directa,5,5711,5,PATRIMONIO
57112,Arrendamiento financiero,5,5711,5,PATRIMONIO
5712,"Propiedad, planta y equipo",4,571,5,PATRIMONIO
57121,Adquisición directa,5,5712,5,PATRIMONIO
57122,Arrendamiento financiero,5,5712,5,PATRIMONIO
5713,Intangibles,4,571,5,PATRIMONIO
5714,Activos por derecho de uso - arrendamiento operativo,4,571,5,PATRIMONIO
572,Excedente de revaluación  Acciones liberadas recibidas,3,57,5,PATRIMONIO
573,Participación en excedente de revaluación  Inversiones en entidades relacionadas,3,57,5,PATRIMONIO
58,RESERVAS,2,5,5,PATRIMONIO
581,Reinversión,3,58,5,PATRIMONIO
582,Legal,3,58,5,PATRIMONIO
583,Contractuales,3,58,5,PATRIMONIO
584,Estatutarias,3,58,5,PATRIMONIO
585,Facultativas,3,58,5,PATRIMONIO
589,Otras reservas,3,58,5,PATRIMONIO
59,RESULTADOS ACUMULADOS,2,5,5,PATRIMONIO
591,Utilidades no distribuidas,3,59,5,PATRIMONIO
5911,Utilidades acumuladas,4,591,5,PATRIMONIO
5912,Ingresos de años anteriores,4,591,5,PATRIMONIO
592,Pérdidas acumuladas,3,59,5,PATRIMONIO
5921,Pérdidas acumuladas,4,592,5,PATRIMONIO
5922,G astos de años anteriores,4,592,5,PATRIMONIO
6,GASTOS POR NATURALEZA,1,,6,GASTOS_NATURALEZA
60,COMPRAS,2,6,6,GASTOS_NATURALEZA
601,Mercaderías,3,60,6,GASTOS_NATURALEZA
6011,Mercaderías,4,601,6,GASTOS_NATURALEZA
602,Materias primas,3,60,6,GASTOS_NATURALEZA
603,"Materiales auxiliares, suministros y repuestos",3,60,6,GASTOS_NATURALEZA
6031,Materiales auxiliares,4,603,6,GASTOS_NATURALEZA
6032,Suministros,4,603,6,GASTOS_NATURALEZA
6033,Repuestos,4,603,6,GASTOS_NATURALEZA
604,Envases y embalajes,3,60,6,GASTOS_NATURALEZA
6041,Envases,4,604,6,GASTOS_NATURALEZA
6042,Embalajes,4,604,6,GASTOS_NATURALEZA
609,Costos vinculados con las compras,3,60,6,GASTOS_NATURALEZA
6091,Costos vinculados con las compras de mercaderías,4,609,6,GASTOS_NATURALEZA
60911,Transporte,5,6091,6,GASTOS_NATURALEZA
60912,Seguros,5,6091,6,GASTOS_NATURALEZA
60913,Derechos aduaneros,5,6091,6,GASTOS_NATURALEZA
60914,Comisiones,5,6091,6,GASTOS_NATURALEZA
60919,Otros costos,5,6091,6,GASTOS_NATURALEZA
6092,Costos vinculados con las compras de materias primas,4,609,6,GASTOS_NATURALEZA
60921,Transporte,5,6092,6,GASTOS_NATURALEZA
60922,Seguros,5,6092,6,GASTOS_NATURALEZA
60923,Derechos aduaneros,5,6092,6,GASTOS_NATURALEZA
60924,Comisiones,5,6092,6,GASTOS_NATURALEZA
60925,Otros costos,5,6092,6,GASTOS_NATURALEZA
6093,"Costos vinculados con las compras de materiales, suministros y repuestos",4,609,6,GASTOS_NATURALEZA
60931,Transporte,5,6093,6,GASTOS_NATURALEZA
60932,Seguros,5,6093,6,GASTOS_NATURALEZA
60933,Derechos aduaneros,5,6093,6,GASTOS_NATURALEZA
60934,Comisiones,5,6093,6,GASTOS_NATURALEZA
60935,Otros costos,5,6093,6,GASTOS_NATURALEZA
6094,Costos vinculados con las compras de envases y embalajes,4,609,6,GASTOS_NATURALEZA
60941,Transporte,5,6094,6,GASTOS_NATURALEZA
60942,Seguros,5,6094,6,GASTOS_NATURALEZA
60943,Derechos aduaneros,5,6094,6,GASTOS_NATURALEZA
60944,Comisiones,5,6094,6,GASTOS_NATURALEZA
60945,Otros costos,5,6094,6,GASTOS_NATURALEZA
61,VARIACIÓN DE INVENTARIOS,2,6,6,GASTOS_NATURALEZA
611,Mercaderías,3,61,6,GASTOS_NATURALEZA
6111,Mercaderías,4,611,6,GASTOS_NATURALEZA
612,Materias primas,3,61,6,GASTOS_NATURALEZA
6121,Materias primas,4,612,6,GASTOS_NATURALEZA
613,"Materiales auxiliares, suministros y repuestos",3,61,6,GASTOS_NATURALEZA
6131,Materiales auxiliares,4,613,6,GASTOS_NATURALEZA
6132,Suministros,4,613,6,GASTOS_NATURALEZA
6133,Repuestos,4,613,6,GASTOS_NATURALEZA
614,Envases y embalajes,3,61,6,GASTOS_NATURALEZA
6141,Envases,4,614,6,GASTOS_NATURALEZA
6142,Embalajes,4,614,6,GASTOS_NATURALEZA
62,GASTOS DE PERSONAL Y DIRECTORES,2,6,6,GASTOS_NATURALEZA
621,Remuneraciones,3,62,6,GASTOS_NATURALEZA
6211,Sueldos y salarios,4,621,6,GASTOS_NATURALEZA
6212,Comisiones,4,621,6,GASTOS_NATURALEZA
6213,Remuneraciones en especie,4,621,6,GASTOS_NATURALEZA
6214,Gratificaciones,4,621,6,GASTOS_NATURALEZA
6215,Vacaciones,4,621,6,GASTOS_NATURALEZA
622,Otras remuneraciones,3,62,6,GASTOS_NATURALEZA
623,Indemnizaciones al personal,3,62,6,GASTOS_NATURALEZA
624,Capacitación,3,62,6,GASTOS_NATURALEZA
625,Atención al personal,3,62,6,GASTOS_NATURALEZA
627,"Seguridad, previsión social y otras contribuciones",3,62,6,GASTOS_NATURALEZA
6271,Régimen de prestaciones de salud,4,627,6,GASTOS_NATURALEZA
6272,Régimen de pensiones - Aporte de empresa,4,627,6,GASTOS_NATURALEZA
6273,"Seguro complementario de trabajo de riesgo, accidentes de trabajo y",4,627,6,GASTOS_NATURALEZA
6274,Seguro de vida,4,627,6,GASTOS_NATURALEZA
6275,Seguros particulares de prestaciones de salud  EPS y otros particulares,4,627,6,GASTOS_NATURALEZA
6276,Caja de beneficios de seguridad social del pescador,4,627,6,GASTOS_NATURALEZA
6277,Contribuciones al SENATI,4,627,6,GASTOS_NATURALEZA
628,Retribuciones al directorio,3,62,6,GASTOS_NATURALEZA
629,Beneficios sociales de los trabajadores,3,62,6,GASTOS_NATURALEZA
6291,Compensación por tiempo de servicio,4,629,6,GASTOS_NATURALEZA
6292,Pensiones y jubilaciones,4,629,6,GASTOS_NATURALEZA
6293,Otros beneficios post-empleo,4,629,6,GASTOS_NATURALEZA
6294,Participación en las utilidades,4,629,6,GASTOS_NATURALEZA
62941,Participación corriente,5,6294,6,GASTOS_NATURALEZA
62942,Participación diferida,5,6294,6,GASTOS_NATURALEZA
63,GASTOS DE SERVICIOS PRESTADOS POR TERCEROS,2,6,6,GASTOS_NATURALEZA
631,"Transporte, correos y gastos de viaje",3,63,6,GASTOS_NATURALEZA
6311,Transporte,4,631,6,GASTOS_NATURALEZA
63111,De carga,5,6311,6,GASTOS_NATURALEZA
63112,De pasajeros,5,6311,6,GASTOS_NATURALEZA
6312,Correos,4,631,6,GASTOS_NATURALEZA
6313,Alojamiento,4,631,6,GASTOS_NATURALEZA
6314,Alimentación,4,631,6,GASTOS_NATURALEZA
6315,Otros gastos de viaje,4,631,6,GASTOS_NATURALEZA
632,Asesoría y consultoría,3,63,6,GASTOS_NATURALEZA
6321,Administrativa,4,632,6,GASTOS_NATURALEZA
6322,Legal y tributaria,4,632,6,GASTOS_NATURALEZA
6323,Auditoría y contable,4,632,6,GASTOS_NATURALEZA
6324,Mercadotecnia,4,632,6,GASTOS_NATURALEZA
6325,Medioambiental,4,632,6,GASTOS_NATURALEZA
6326,Investigación y desarrollo,4,632,6,GASTOS_NATURALEZA
6327,Producción,4,632,6,GASTOS_NATURALEZA
6329,Otros,4,632,6,GASTOS_NATURALEZA
633,Producción encargada a terceros,3,63,6,GASTOS_NATURALEZA
634,Mantenimiento y reparaciones,3,63,6,GASTOS_NATURALEZA
6341,Propiedad de inversión,4,634,6,GASTOS_NATURALEZA
6342,Activos por derecho de uso,4,634,6,GASTOS_NATURALEZA
63421,Financiero,5,6342,6,GASTOS_NATURALEZA
63432,Operativo,5,6342,6,GASTOS_NATURALEZA
6343,"Propiedad, planta y equipo",4,634,6,GASTOS_NATURALEZA
6344,Intangibles,4,634,6,GASTOS_NATURALEZA
6345,Activos biológicos,4,634,6,GASTOS_NATURALEZA
635,Alquileres,3,63,6,GASTOS_NATURALEZA
6351,Terrenos,4,635,6,GASTOS_NATURALEZA
6352,Edificaciones,4,635,6,GASTOS_NATURALEZA
6353,Maquinarias y equipos de explotación,4,635,6,GASTOS_NATURALEZA
6356,Equipos diversos,4,635,6,GASTOS_NATURALEZA
636,Servicios básicos,3,63,6,GASTOS_NATURALEZA
6361,Energía eléctrica,4,636,6,GASTOS_NATURALEZA
6362,Gas,4,636,6,GASTOS_NATURALEZA
6363,Agua,4,636,6,GASTOS_NATURALEZA
6364,Teléfono,4,636,6,GASTOS_NATURALEZA
6365,Internet,4,636,6,GASTOS_NATURALEZA
6366,Radio,4,636,6,GASTOS_NATURALEZA
6367,Cable,4,636,6,GASTOS_NATURALEZA
637,"Publicidad, publicaciones, relaciones públicas",3,63,6,GASTOS_NATURALEZA
6371,Publicidad,4,637,6,GASTOS_NATURALEZA
6372,Publicaciones,4,637,6,GASTOS_NATURALEZA
6373,Relaciones públicas,4,637,6,GASTOS_NATURALEZA
638,Servicios de contratistas,3,63,6,GASTOS_NATURALEZA
639,Otros servicios prestados por terceros,3,63,6,GASTOS_NATURALEZA
6391,Gastos bancarios,4,639,6,GASTOS_NATURALEZA
6392,G astos de laboratorio,4,639,6,GASTOS_NATURALEZA
64,GASTOS POR TRIBUTOS,2,6,6,GASTOS_NATURALEZA
641,Gobierno nacional,3,64,6,GASTOS_NATURALEZA
6411,Impuesto general a las ventas y selectivo al consumo,4,641,6,GASTOS_NATURALEZA
6412,Impuesto a las transacciones financieras,4,641,6,GASTOS_NATURALEZA
6413,Impuesto temporal a los activos netos,4,641,6,GASTOS_NATURALEZA
6414,Impuesto a los juegos de casino y máquinas tragamonedas,4,641,6,GASTOS_NATURALEZA
6415,Regalías mineras,4,641,6,GASTOS_NATURALEZA
6416,Cánones,4,641,6,GASTOS_NATURALEZA
6419,Otros,4,641,6,GASTOS_NATURALEZA
642,Gobierno regional,3,64,6,GASTOS_NATURALEZA
643,Gobierno local,3,64,6,GASTOS_NATURALEZA
6431,Impuesto predial,4,643,6,GASTOS_NATURALEZA
6432,Arbitrios municipales y seguridad ciudadana,4,643,6,GASTOS_NATURALEZA
6433,Impuesto al patrimonio vehicular,4,643,6,GASTOS_NATURALEZA
6434,Licencia de funcionamiento,4,643,6,GASTOS_NATURALEZA
6439,Otros,4,643,6,GASTOS_NATURALEZA
644,Otros gastos por tributos,3,64,6,GASTOS_NATURALEZA
6442,Contribución al SENCICO,4,644,6,GASTOS_NATURALEZA
6443,Otros,4,644,6,GASTOS_NATURALEZA
645,Gastos en deuda tributaria,3,64,6,GASTOS_NATURALEZA
6451,Intereses,4,645,6,GASTOS_NATURALEZA
6452,intereses - fraccionamiento,4,645,6,GASTOS_NATURALEZA
6453,Multas,4,645,6,GASTOS_NATURALEZA
6454,Costas y otros,4,645,6,GASTOS_NATURALEZA
65,OTROS GASTOS DE GESTION,2,6,6,GASTOS_NATURALEZA
651,Seguros,3,65,6,GASTOS_NATURALEZA
652,Regalías,3,65,6,GASTOS_NATURALEZA
653,Suscripciones,3,65,6,GASTOS_NATURALEZA
654,Licencias y derechos de vigencia,3,65,6,GASTOS_NATURALEZA
655,Costo neto de enajenación de activos inmovilizados y operaciones discontinuadas,3,65,6,GASTOS_NATURALEZA
6551,Costo neto de enajenación de activos inmovilizados,4,655,6,GASTOS_NATURALEZA
65511,Inversiones mobiliarias,5,6551,6,GASTOS_NATURALEZA
65512,Propiedades de inversión,5,6551,6,GASTOS_NATURALEZA
65513,Activos por derecho de uso - arrendamiento financiero,5,6551,6,GASTOS_NATURALEZA
65514,"Propiedad, planta y equipo",5,6551,6,GASTOS_NATURALEZA
65515,Intangibles,5,6551,6,GASTOS_NATURALEZA
65516,Activos biológicos,5,6551,6,GASTOS_NATURALEZA
6552,Operaciones discontinuadas  Abandono de activos,4,655,6,GASTOS_NATURALEZA
65521,Propiedades de inversión,5,6552,6,GASTOS_NATURALEZA
65522,Activos por derecho de uso - Arrendamiento financiero,5,6552,6,GASTOS_NATURALEZA
65523,"Propiedad, planta y equipo",5,6552,6,GASTOS_NATURALEZA
65524,Intangibles,5,6552,6,GASTOS_NATURALEZA
65525,Activos biológicos,5,6552,6,GASTOS_NATURALEZA
656,Suministros,3,65,6,GASTOS_NATURALEZA
658,Gestión medioambiental,3,65,6,GASTOS_NATURALEZA
659,Otros gastos de gestión,3,65,6,GASTOS_NATURALEZA
6591,Donaciones,4,659,6,GASTOS_NATURALEZA
6592,Sanciones administrativas,4,659,6,GASTOS_NATURALEZA
66,PERDIDA POR MEDICIÓN DE ACTIVOS NO FINANCIEROS AL VALOR RAZONABLE,2,6,6,GASTOS_NATURALEZA
661,Activo realizable,3,66,6,GASTOS_NATURALEZA
6611,Mercaderías,4,661,6,GASTOS_NATURALEZA
6612,Productos terminados,4,661,6,GASTOS_NATURALEZA
6613,Activos no corrientes mantenidos para la venta,4,661,6,GASTOS_NATURALEZA
66131,Propiedades de inversión,5,6613,6,GASTOS_NATURALEZA
66132,"Propiedad, planta y equipo",5,6613,6,GASTOS_NATURALEZA
66133,Intangibles,5,6613,6,GASTOS_NATURALEZA
66134,Activos biológicos,5,6613,6,GASTOS_NATURALEZA
662,Activo inmovilizado,3,66,6,GASTOS_NATURALEZA
6621,Propiedades de inversión,4,662,6,GASTOS_NATURALEZA
6622,A ctivos biológicos,4,662,6,GASTOS_NATURALEZA
67,GASTOS FINANCIEROS,2,6,6,GASTOS_NATURALEZA
671,Gastos en operaciones de endeudamiento y otros,3,67,6,GASTOS_NATURALEZA
6711,Préstamos de instituciones financieras y otras entidades,4,671,6,GASTOS_NATURALEZA
6712,Contratos de arrendamiento financiero,4,671,6,GASTOS_NATURALEZA
6713,Emisión y colocación de instrumentos representativos de deuda y,4,671,6,GASTOS_NATURALEZA
6714,Documentos vendidos o descontados,4,671,6,GASTOS_NATURALEZA
672,Pérdida por instrumentos financieros derivados,3,67,6,GASTOS_NATURALEZA
673,Intereses por préstamos y otras obligaciones,3,67,6,GASTOS_NATURALEZA
6731,Préstamos de instituciones financieras y otras entidades,4,673,6,GASTOS_NATURALEZA
67311,Instituciones financieras,5,6731,6,GASTOS_NATURALEZA
67312,Otras entidades,5,6731,6,GASTOS_NATURALEZA
6732,Contratos de arrendamiento financiero,4,673,6,GASTOS_NATURALEZA
6733,Otros instrumentos financieros por pagar,4,673,6,GASTOS_NATURALEZA
6734,Documentos vendidos o descontados,4,673,6,GASTOS_NATURALEZA
6735,Obligaciones emitidas,4,673,6,GASTOS_NATURALEZA
6736,Obligaciones comerciales,4,673,6,GASTOS_NATURALEZA
674,Gastos en operaciones de factoraje (factoring),3,67,6,GASTOS_NATURALEZA
6741,Pérdida en instrumentos vendidos,4,674,6,GASTOS_NATURALEZA
675,Descuentos concedidos por pronto pago,3,67,6,GASTOS_NATURALEZA
676,Diferencia de cambio,3,67,6,GASTOS_NATURALEZA
677,Pérdida por medición de activos y pasivos financieros al valor razonable,3,67,6,GASTOS_NATURALEZA
6771,Inversiones mantenidas para negociación,4,677,6,GASTOS_NATURALEZA
6772,Otras inversiones financieras,4,677,6,GASTOS_NATURALEZA
6773,Otros,4,677,6,GASTOS_NATURALEZA
678,Participación en resultados de entidades relacionadas,3,67,6,GASTOS_NATURALEZA
6781,Participación en los resultados de subsidiarias y asociadas bajo el método,4,678,6,GASTOS_NATURALEZA
6782,Participaciones en negocios conjuntos,4,678,6,GASTOS_NATURALEZA
679,Otros gastos financieros,3,67,6,GASTOS_NATURALEZA
6791,Primas por opciones,4,679,6,GASTOS_NATURALEZA
6792,Gastos financieros en medición a valor descontado,4,679,6,GASTOS_NATURALEZA
6793,Gastos financieros en actualización de activos por derecho de uso,4,679,6,GASTOS_NATURALEZA
68,VALUACIÓN Y DETERIORO DE ACTIVOS Y PROVISIONES,2,6,6,GASTOS_NATURALEZA
681,Depreciación de propiedades de inversión,3,68,6,GASTOS_NATURALEZA
6811,Edificaciones,4,681,6,GASTOS_NATURALEZA
68111,Costo,5,6811,6,GASTOS_NATURALEZA
68112,Revaluación,5,6811,6,GASTOS_NATURALEZA
68113,Costo de financiación,5,6811,6,GASTOS_NATURALEZA
682,Depreciación de activos por derecho de uso - arrendamiento financiero,3,68,6,GASTOS_NATURALEZA
6821,Propiedades de inversión,4,682,6,GASTOS_NATURALEZA
68211,Edificaciones,5,6821,6,GASTOS_NATURALEZA
6822,"Propiedad, planta y equipo",4,682,6,GASTOS_NATURALEZA
68221,Edificaciones,5,6822,6,GASTOS_NATURALEZA
68222,Maquinarias y equipos de explotación,5,6822,6,GASTOS_NATURALEZA
68223,Unidades de transporte,5,6822,6,GASTOS_NATURALEZA
68225,Equipos diversos,5,6822,6,GASTOS_NATURALEZA
683,Depreciación de activos por derecho de uso - arrendamiento operativo,3,68,6,GASTOS_NATURALEZA
6831,Depreciación de activos por derecho de uso - arrendamiento operativo,4,683,6,GASTOS_NATURALEZA
68311,Edificaciones,5,6831,6,GASTOS_NATURALEZA
68312,Maquinarias y equipos de explotación,5,6831,6,GASTOS_NATURALEZA
68313,Unidades de transporte,5,6831,6,GASTOS_NATURALEZA
68315,Equipos diversos,5,6831,6,GASTOS_NATURALEZA
684,"Depreciación de propiedad, planta y equipo",3,68,6,GASTOS_NATURALEZA
6841,"Depreciación de propiedad, planta y equipo - Costo",4,684,6,GASTOS_NATURALEZA
68410,Plantas productoras,5,6841,6,GASTOS_NATURALEZA
68411,Edificaciones,5,6841,6,GASTOS_NATURALEZA
68412,Maquinarias y equipos de explotación,5,6841,6,GASTOS_NATURALEZA
68413,Unidades de transporte,5,6841,6,GASTOS_NATURALEZA
68414,Muebles y enseres,5,6841,6,GASTOS_NATURALEZA
68415,Equipos diversos,5,6841,6,GASTOS_NATURALEZA
68416,Herramientas y unidades de reemplazo,5,6841,6,GASTOS_NATURALEZA
6842,"Depreciación de propiedad, planta y equipo - Revaluación",4,684,6,GASTOS_NATURALEZA
68420,Plantas productoras,5,6842,6,GASTOS_NATURALEZA
68421,Edificaciones,5,6842,6,GASTOS_NATURALEZA
68422,Maquinarias y equipos de explotación,5,6842,6,GASTOS_NATURALEZA
68423,Unidades de transporte,5,6842,6,GASTOS_NATURALEZA
68424,Muebles y enseres,5,6842,6,GASTOS_NATURALEZA
68425,Equipos diversos,5,6842,6,GASTOS_NATURALEZA
68426,Herramientas y unidades de reemplazo,5,6842,6,GASTOS_NATURALEZA
6843,"Depreciación de propiedad, planta y equipo - Costos de financiación",4,684,6,GASTOS_NATURALEZA
68430,Plantas productoras,5,6843,6,GASTOS_NATURALEZA
68431,Edificaciones,5,6843,6,GASTOS_NATURALEZA
68432,Maquinarias y equipos de explotación,5,6843,6,GASTOS_NATURALEZA
685,Depreciación de activos biológicos en producción,3,68,6,GASTOS_NATURALEZA
6851,Depreciación de activos biológicos en producción - costo,4,685,6,GASTOS_NATURALEZA
68511,Activos biológicos de origen animal,5,6851,6,GASTOS_NATURALEZA
68512,Activos biológicos de origen vegetal,5,6851,6,GASTOS_NATURALEZA
6852,Depreciación de activos biológicos en producción - costo de financiación,4,685,6,GASTOS_NATURALEZA
68521,Activos biológicos de origen animal,5,6852,6,GASTOS_NATURALEZA
68522,Activos biológicos de origen vegetal,5,6852,6,GASTOS_NATURALEZA
686,Amortización de intangibles,3,68,6,GASTOS_NATURALEZA
6861,Amortización de intangibles  Costo,4,686,6,GASTOS_NATURALEZA
68611,"Concesiones, licencias y otros derechos",5,6861,6,GASTOS_NATURALEZA
68612,Patentes y propiedad industrial,5,6861,6,GASTOS_NATURALEZA
68613,Programas de computadora (software),5,6861,6,GASTOS_NATURALEZA
68614,Costos de exploración y desarrollo,5,6861,6,GASTOS_NATURALEZA
68615,"Fórmulas, diseños y prototipos",5,6861,6,GASTOS_NATURALEZA
68619,Otros activos intangibles,5,6861,6,GASTOS_NATURALEZA
6862,Amortización de intangibles  Revaluación,4,686,6,GASTOS_NATURALEZA
68621,"Concesiones, licencias y otros derechos",5,6862,6,GASTOS_NATURALEZA
68622,Patentes y propiedad industrial,5,6862,6,GASTOS_NATURALEZA
68623,Programas de computadora (software),5,6862,6,GASTOS_NATURALEZA
68624,Costos de exploración y desarrollo,5,6862,6,GASTOS_NATURALEZA
68625,"Fórmulas, diseños y prototipos",5,6862,6,GASTOS_NATURALEZA
68629,Otros activos intangibles,5,6862,6,GASTOS_NATURALEZA
687,Valuación de activos,3,68,6,GASTOS_NATURALEZA
6871,Estimación de cuentas de cobranza dudosa,4,687,6,GASTOS_NATURALEZA
68711,Cuentas por cobrar comerciales  Terceros,5,6871,6,GASTOS_NATURALEZA
68712,Cuentas por cobrar comerciales  Relacionadas,5,6871,6,GASTOS_NATURALEZA
68713,"Cuentas por cobrar al personal, a los accionistas (socios) y",5,6871,6,GASTOS_NATURALEZA
68714,Cuentas por cobrar diversas  Terceros,5,6871,6,GASTOS_NATURALEZA
68715,Cuentas por cobrar diversas  Relacionadas,5,6871,6,GASTOS_NATURALEZA
6873,Desvalorización de inversiones mobiliarias,4,687,6,GASTOS_NATURALEZA
68731,Inversiones a ser mantenidas hasta el vencimiento,5,6873,6,GASTOS_NATURALEZA
68732,Instrumentos financieros representativos de derecho,5,6873,6,GASTOS_NATURALEZA
688,Deterioro del valor de los activos,3,68,6,GASTOS_NATURALEZA
6882,Desvalorización de propiedad de inversión,4,688,6,GASTOS_NATURALEZA
68812,Edificaciones,5,6882,6,GASTOS_NATURALEZA
68813,Construcciones en curso,5,6882,6,GASTOS_NATURALEZA
6882,Desvalorización de activos por derecho de uso - arrendamiento financiero,4,688,6,GASTOS_NATURALEZA
68820,Planta productora en producción,5,6882,6,GASTOS_NATURALEZA
68821,Planta productora en desarrollo,5,6882,6,GASTOS_NATURALEZA
68822,Terrenos,5,6882,6,GASTOS_NATURALEZA
68823,Edificaciones,5,6882,6,GASTOS_NATURALEZA
68824,Maquinarias y equipos de explotación,5,6882,6,GASTOS_NATURALEZA
68825,Unidades de transporte,5,6882,6,GASTOS_NATURALEZA
68826,Muebles y enseres,5,6882,6,GASTOS_NATURALEZA
68827,Equipos diversos,5,6882,6,GASTOS_NATURALEZA
68828,Herramientas y unidades de reemplazo,5,6882,6,GASTOS_NATURALEZA
6883,"Desvalorización de propiedad, planta y equipo",4,688,6,GASTOS_NATURALEZA
68830,Planta productora en producción,5,6883,6,GASTOS_NATURALEZA
68831,Planta productora en desarrollo,5,6883,6,GASTOS_NATURALEZA
68832,Terrenos,5,6883,6,GASTOS_NATURALEZA
68833,Edificaciones,5,6883,6,GASTOS_NATURALEZA
68834,Maquinarias y equipos de explotación,5,6883,6,GASTOS_NATURALEZA
68835,Unidades de transporte,5,6883,6,GASTOS_NATURALEZA
68836,Muebles y enseres,5,6883,6,GASTOS_NATURALEZA
68837,Equipos diversos,5,6883,6,GASTOS_NATURALEZA
68838,Herramientas y unidades de reemplazo,5,6883,6,GASTOS_NATURALEZA
6884,Desvalorización de intangibles,4,688,6,GASTOS_NATURALEZA
68841,"Concesiones, licencias y otros derechos",5,6884,6,GASTOS_NATURALEZA
68842,Patentes y propiedad industrial,5,6884,6,GASTOS_NATURALEZA
68843,Programas de computadora (software),5,6884,6,GASTOS_NATURALEZA
68844,Costos de exploración y desarrollo,5,6884,6,GASTOS_NATURALEZA
68845,"Fórmulas, diseños y prototipos",5,6884,6,GASTOS_NATURALEZA
68846,Otros activos intangibles,5,6884,6,GASTOS_NATURALEZA
68847,Plusvalía mercantil,5,6884,6,GASTOS_NATURALEZA
6889,Desvalorización de activos biológicos en producción,4,688,6,GASTOS_NATURALEZA
68891,Activos biológicos de origen animal,5,6889,6,GASTOS_NATURALEZA
68892,Activos biológicos de origen vegetal,5,6889,6,GASTOS_NATURALEZA
689,Provisiones,3,68,6,GASTOS_NATURALEZA
6891,Provisión para litigios,4,689,6,GASTOS_NATURALEZA
68911,Provisión para litigios  Costo,5,6891,6,GASTOS_NATURALEZA
68912,Provisión para litigios  Actualización financiera,5,6891,6,GASTOS_NATURALEZA
6892,"Provisión por desmantelamiento, retiro o rehabilitación del inmovilizado",4,689,6,GASTOS_NATURALEZA
68921,"Provisión por desmantelamiento, retiro o rehabilitación del",5,6892,6,GASTOS_NATURALEZA
68922,"Provisión por desmantelamiento, retiro o rehabilitación del",5,6892,6,GASTOS_NATURALEZA
6893,Provisión para reestructuraciones,4,689,6,GASTOS_NATURALEZA
6894,Provisión para protección y remediación del medio ambiente,4,689,6,GASTOS_NATURALEZA
68941,Provisión para protección y remediación del medio ambiente ,5,6894,6,GASTOS_NATURALEZA
68942,Provisión para protección y remediación del medio ambiente ,5,6894,6,GASTOS_NATURALEZA
6896,Provisión para garantías,4,689,6,GASTOS_NATURALEZA
68961,Provisión para garantías  Costo,5,6896,6,GASTOS_NATURALEZA
68962,Provisión para garantías  Actualización financiera,5,6896,6,GASTOS_NATURALEZA
6897,Provisión por activos por derecho de uso,4,689,6,GASTOS_NATURALEZA
68971,Provisión por activos por derecho de uso arrendamiento,5,6897,6,GASTOS_NATURALEZA
68972,Provisión por activos por derecho de uso arrendamiento,5,6897,6,GASTOS_NATURALEZA
6899,Otras provisiones,4,689,6,GASTOS_NATURALEZA
69,COSTO DE VENTAS,2,6,6,GASTOS_NATURALEZA
691,Mercaderías,3,69,6,GASTOS_NATURALEZA
6911,Mercaderías - exportación,4,691,6,GASTOS_NATURALEZA
69111,Terceros,5,6911,6,GASTOS_NATURALEZA
69112,Relacionadas,5,6911,6,GASTOS_NATURALEZA
6912,Mercaderías - venta local,4,691,6,GASTOS_NATURALEZA
69121,Terceros,5,6912,6,GASTOS_NATURALEZA
69122,Relacionadas,5,6912,6,GASTOS_NATURALEZA
692,Productos terminados,3,69,6,GASTOS_NATURALEZA
6921,Productos terminados - Exportación,4,692,6,GASTOS_NATURALEZA
69211,Terceros,5,6921,6,GASTOS_NATURALEZA
69212,Relacionadas,5,6921,6,GASTOS_NATURALEZA
6922,Productos terminados - Venta local,4,692,6,GASTOS_NATURALEZA
69221,Terceros,5,6922,6,GASTOS_NATURALEZA
69222,Relacionadas,5,6922,6,GASTOS_NATURALEZA
6923,Costos de financiación  Productos terminados,4,692,6,GASTOS_NATURALEZA
69231,Terceros,5,6923,6,GASTOS_NATURALEZA
69232,Relacionadas,5,6923,6,GASTOS_NATURALEZA
6924,Costos de producción no absorbido  Productos terminados,4,692,6,GASTOS_NATURALEZA
6925,Costo de ineficiencia  Productos terminados,4,692,6,GASTOS_NATURALEZA
693,Servicios terminados,3,69,6,GASTOS_NATURALEZA
6931,Servicios  Exportación,4,693,6,GASTOS_NATURALEZA
69311,Terceros,5,6931,6,GASTOS_NATURALEZA
69312,Relacionadas,5,6931,6,GASTOS_NATURALEZA
6932,Servicios  local,4,693,6,GASTOS_NATURALEZA
69321,Terceros,5,6932,6,GASTOS_NATURALEZA
69322,Relacionadas,5,6932,6,GASTOS_NATURALEZA
694,"Subproductos, desechos y desperdicios",3,69,6,GASTOS_NATURALEZA
6941,Subproductos,4,694,6,GASTOS_NATURALEZA
69411,Terceros,5,6941,6,GASTOS_NATURALEZA
69412,Relacionadas,5,6941,6,GASTOS_NATURALEZA
6942,Desechos y desperdicios,4,694,6,GASTOS_NATURALEZA
69421,Terceros,5,6942,6,GASTOS_NATURALEZA
69422,Relacionadas,5,6942,6,GASTOS_NATURALEZA
695,Gastos por desvalorización de inventarios al costo,3,69,6,GASTOS_NATURALEZA
6951,Mercaderías,4,695,6,GASTOS_NATURALEZA
6952,Productos terminados,4,695,6,GASTOS_NATURALEZA
6953,"Subproductos, desechos y desperdicios",4,695,6,GASTOS_NATURALEZA
6954,Productos en proceso,4,695,6,GASTOS_NATURALEZA
6955,Materias primas,4,695,6,GASTOS_NATURALEZA
6956,"Materiales auxiliares, suministros y repuestos",4,695,6,GASTOS_NATURALEZA
6957,Envases y embalajes,4,695,6,GASTOS_NATURALEZA
6958,Inventarios por recibir,4,695,6,GASTOS_NATURALEZA
7,INGRESOS,1,,7,INGRESOS_NATURALEZA
70,VENTAS,2,7,7,INGRESOS_NATURALEZA
701,Mercaderías,3,70,7,INGRESOS_NATURALEZA
7011,Mercaderías - venta de exportación,4,701,7,INGRESOS_NATURALEZA
70111,Terceros,5,7011,7,INGRESOS_NATURALEZA
70112,Relacionadas,5,7011,7,INGRESOS_NATURALEZA
7012,Mercaderías - venta local,4,701,7,INGRESOS_NATURALEZA
70111,Terceros,5,7012,7,INGRESOS_NATURALEZA
70112,Relacionadas,5,7012,7,INGRESOS_NATURALEZA
702,Productos terminados,3,70,7,INGRESOS_NATURALEZA
7021,Productos terminados - venta de exportación,4,702,7,INGRESOS_NATURALEZA
70211,Terceros,5,7021,7,INGRESOS_NATURALEZA
70212,Relacionadas,5,7021,7,INGRESOS_NATURALEZA
7022,Productos terminados - venta local,4,702,7,INGRESOS_NATURALEZA
70221,Terceros,5,7022,7,INGRESOS_NATURALEZA
70222,Relacionadas,5,7022,7,INGRESOS_NATURALEZA
703,Servicios terminados,3,70,7,INGRESOS_NATURALEZA
7031,Servicios  exportación,4,703,7,INGRESOS_NATURALEZA
70311,Terceros,5,7031,7,INGRESOS_NATURALEZA
70312,Relacionadas,5,7031,7,INGRESOS_NATURALEZA
7032,Servicios  local,4,703,7,INGRESOS_NATURALEZA
70321,Terceros,5,7032,7,INGRESOS_NATURALEZA
70322,Relacionadas,5,7032,7,INGRESOS_NATURALEZA
704,"Subproductos, desechos y desperdicios",3,70,7,INGRESOS_NATURALEZA
7041,Subproductos,4,704,7,INGRESOS_NATURALEZA
70411,Terceros,5,7041,7,INGRESOS_NATURALEZA
70412,Relacionadas,5,7041,7,INGRESOS_NATURALEZA
7042,Desechos y desperdicios,4,704,7,INGRESOS_NATURALEZA
70421,Terceros,5,7042,7,INGRESOS_NATURALEZA
70422,Relacionadas,5,7042,7,INGRESOS_NATURALEZA
709,Devoluciones sobre ventas,3,70,7,INGRESOS_NATURALEZA
7091,Mercaderías - Venta de exportación,4,709,7,INGRESOS_NATURALEZA
70911,Terceros,5,7091,7,INGRESOS_NATURALEZA
70912,Relacionadas,5,7091,7,INGRESOS_NATURALEZA
7092,Mercaderías - Venta local,4,709,7,INGRESOS_NATURALEZA
70921,Terceros,5,7092,7,INGRESOS_NATURALEZA
70922,Relacionadas,5,7092,7,INGRESOS_NATURALEZA
7093,Productos terminados - Venta de exportación,4,709,7,INGRESOS_NATURALEZA
70931,Terceros,5,7093,7,INGRESOS_NATURALEZA
70932,Relacionadas,5,7093,7,INGRESOS_NATURALEZA
7094,Productos terminados - Venta local,4,709,7,INGRESOS_NATURALEZA
70941,Terceros,5,7094,7,INGRESOS_NATURALEZA
70942,Relacionadas,5,7094,7,INGRESOS_NATURALEZA
7095,Inventarios de servicios rechazados,4,709,7,INGRESOS_NATURALEZA
70951,Terceros,5,7095,7,INGRESOS_NATURALEZA
70952,Relacionadas,5,7095,7,INGRESOS_NATURALEZA
7096,"Subproductos, desechos y desperdicios",4,709,7,INGRESOS_NATURALEZA
70961,Terceros,5,7096,7,INGRESOS_NATURALEZA
70962,Relacionadas,5,7096,7,INGRESOS_NATURALEZA
71,VARIACIÓN DE LA PRODUCCIÓN ALMACENADA,2,7,7,INGRESOS_NATURALEZA
711,Variación de productos terminados,3,71,7,INGRESOS_NATURALEZA
7111,Productos terminados,4,711,7,INGRESOS_NATURALEZA
712,"Variación de subproductos, desechos y desperdicios",3,71,7,INGRESOS_NATURALEZA
7121,Subproductos,4,712,7,INGRESOS_NATURALEZA
7122,Desechos y desperdicios,4,712,7,INGRESOS_NATURALEZA
713,Variación de productos en proceso,3,71,7,INGRESOS_NATURALEZA
7131,P roductos en proceso de manufactura,4,713,7,INGRESOS_NATURALEZA
714,Variación de envases y embalajes,3,71,7,INGRESOS_NATURALEZA
7141,Envases,4,714,7,INGRESOS_NATURALEZA
7142,Embalajes,4,714,7,INGRESOS_NATURALEZA
715,Variación de inventarios de servicios,3,71,7,INGRESOS_NATURALEZA
7151,Inventarios de servicios en,4,715,7,INGRESOS_NATURALEZA
72,PRODUCCIÓN DE ACTIVO INMOVILIZADO,2,7,7,INGRESOS_NATURALEZA
721,Propiedades de inversión,3,72,7,INGRESOS_NATURALEZA
7211,Edificaciones,4,721,7,INGRESOS_NATURALEZA
722,"Propiedad, planta y equipo",3,72,7,INGRESOS_NATURALEZA
7220,Planta productora,4,722,7,INGRESOS_NATURALEZA
7221,Edificaciones,4,722,7,INGRESOS_NATURALEZA
7222,Maquinarias y otros equipos de explotación,4,722,7,INGRESOS_NATURALEZA
7223,Unidades de transporte,4,722,7,INGRESOS_NATURALEZA
7224,Muebles y enseres,4,722,7,INGRESOS_NATURALEZA
7225,Equipos diversos,4,722,7,INGRESOS_NATURALEZA
723,Intangibles,3,72,7,INGRESOS_NATURALEZA
7231,Programas de computadora (software),4,723,7,INGRESOS_NATURALEZA
7232,Costos de exploración y desarrollo,4,723,7,INGRESOS_NATURALEZA
7233,"Fórmulas, diseños y prototipos",4,723,7,INGRESOS_NATURALEZA
724,Activos biológicos,3,72,7,INGRESOS_NATURALEZA
7241,Activos biológicos en desarrollo de origen animal,4,724,7,INGRESOS_NATURALEZA
7242,Activos biológicos en desarrollo de origen vegetal,4,724,7,INGRESOS_NATURALEZA
725,Costos de financiación capitalizados,3,72,7,INGRESOS_NATURALEZA
7251,Costos de financiación  Propiedades de inversión,4,725,7,INGRESOS_NATURALEZA
72511,Plantas productoras en desarrollo,5,7251,7,INGRESOS_NATURALEZA
72512,Edificaciones,5,7251,7,INGRESOS_NATURALEZA
7252,"Costos de financiación  Propiedad, planta y equipo",4,725,7,INGRESOS_NATURALEZA
72521,Plantas productoras en desarrollo,5,7252,7,INGRESOS_NATURALEZA
72522,Edificaciones,5,7252,7,INGRESOS_NATURALEZA
72523,Maquinarias y otros equipos de explotación,5,7252,7,INGRESOS_NATURALEZA
7253,Costos de financiación  Intangibles,4,725,7,INGRESOS_NATURALEZA
7254,Costos de financiación  Activos biológicos en desarrollo,4,725,7,INGRESOS_NATURALEZA
72541,Activos biológicos de origen animal,5,7254,7,INGRESOS_NATURALEZA
72542,Activos biológicos de origen vegetal,5,7254,7,INGRESOS_NATURALEZA
73,"DESCUENTOS, REBAJAS Y BONIFICACIONES OBTENIDOS",2,7,7,INGRESOS_NATURALEZA
731,"Descuentos, rebajas y bonificaciones obtenidos",3,73,7,INGRESOS_NATURALEZA
7311,Terceros,4,731,7,INGRESOS_NATURALEZA
7312,Relacionadas,4,731,7,INGRESOS_NATURALEZA
74,"DESCUENTOS, REBAJAS y BONIFICACIONES CONCEDIDOS",2,7,7,INGRESOS_NATURALEZA
741,"Descuentos, rebajas y bonificaciones concedidos",3,74,7,INGRESOS_NATURALEZA
7411,Terceros,4,741,7,INGRESOS_NATURALEZA
7412,Relacionadas,4,741,7,INGRESOS_NATURALEZA
75,OTROS INGRESOS DE GESTIÓN,2,7,7,INGRESOS_NATURALEZA
751,Servicios en beneficio del personal,3,75,7,INGRESOS_NATURALEZA
752,Comisiones y corretajes,3,75,7,INGRESOS_NATURALEZA
753,Regalías,3,75,7,INGRESOS_NATURALEZA
754,Alquileres,3,75,7,INGRESOS_NATURALEZA
7540,Plantas productoras,4,754,7,INGRESOS_NATURALEZA
7541,Terrenos,4,754,7,INGRESOS_NATURALEZA
7542,Edificaciones,4,754,7,INGRESOS_NATURALEZA
7543,Maquinarias y equipos de explotación,4,754,7,INGRESOS_NATURALEZA
7544,Unidades de transporte,4,754,7,INGRESOS_NATURALEZA
7545,Equipos diversos,4,754,7,INGRESOS_NATURALEZA
755,Recuperación de cuentas de valuación,3,75,7,INGRESOS_NATURALEZA
7551,Recuperación  Cuentas de cobranza dudosa,4,755,7,INGRESOS_NATURALEZA
7552,Recuperación  Desvalorización de inventarios,4,755,7,INGRESOS_NATURALEZA
7553,Recuperación  Desvalorización de inversiones mobiliarias,4,755,7,INGRESOS_NATURALEZA
756,Enajenación de activos inmovilizados,3,75,7,INGRESOS_NATURALEZA
7561,Inversiones mobiliarias,4,756,7,INGRESOS_NATURALEZA
7562,Propiedades de inversión,4,756,7,INGRESOS_NATURALEZA
7563,Activos adquiridos en arrendamiento financiero,4,756,7,INGRESOS_NATURALEZA
7564,"Propiedad, planta y equipo",4,756,7,INGRESOS_NATURALEZA
7565,Intangibles,4,756,7,INGRESOS_NATURALEZA
7566,Activos biológicos,4,756,7,INGRESOS_NATURALEZA
757,Recuperación de deterioro de cuentas de activos inmovilizados,3,75,7,INGRESOS_NATURALEZA
7571,Recuperación de deterioro de propiedades de inversión,4,757,7,INGRESOS_NATURALEZA
7572,"Recuperación de deterioro de propiedad, planta y equipo",4,757,7,INGRESOS_NATURALEZA
7573,Recuperación de deterioro de intangibles,4,757,7,INGRESOS_NATURALEZA
7574,Recuperación de deterioro de activos biológicos,4,757,7,INGRESOS_NATURALEZA
759,Otros ingresos de gestión,3,75,7,INGRESOS_NATURALEZA
7591,Subsidios gubernamentales,4,759,7,INGRESOS_NATURALEZA
7592,Reclamos al seguro,4,759,7,INGRESOS_NATURALEZA
7593,Donaciones,4,759,7,INGRESOS_NATURALEZA
7594,Devoluciones tributarias,4,759,7,INGRESOS_NATURALEZA
7599,Otros ingresos de gestión,4,759,7,INGRESOS_NATURALEZA
76,GANANCIA POR MEDICIÓN DE ACTIVOS NO FINANCIEROS AL VALOR RAZONABLE,2,7,7,INGRESOS_NATURALEZA
761,Activo realizable,3,76,7,INGRESOS_NATURALEZA
7611,Mercaderías,4,761,7,INGRESOS_NATURALEZA
7612,Productos terminados,4,761,7,INGRESOS_NATURALEZA
7613,Activos no corrientes mantenidos para la venta,4,761,7,INGRESOS_NATURALEZA
76131,Propiedades de inversión,5,7613,7,INGRESOS_NATURALEZA
76132,"Propiedad, planta y equipo",5,7613,7,INGRESOS_NATURALEZA
76133,Intangibles,5,7613,7,INGRESOS_NATURALEZA
76134,Activos biológicos,5,7613,7,INGRESOS_NATURALEZA
762,Activo inmovilizado,3,76,7,INGRESOS_NATURALEZA
7621,Propiedades de inversión,4,762,7,INGRESOS_NATURALEZA
7622,Activos biológicos,4,762,7,INGRESOS_NATURALEZA
77,INGRESOS FINANCIEROS,2,7,7,INGRESOS_NATURALEZA
771,Ganancia por instrumento financiero derivado,3,77,7,INGRESOS_NATURALEZA
772,Rendimientos ganados,3,77,7,INGRESOS_NATURALEZA
7721,Depósitos en instituciones financieras,4,772,7,INGRESOS_NATURALEZA
7722,Cuentas por cobrar comerciales,4,772,7,INGRESOS_NATURALEZA
7723,Préstamos otorgados,4,772,7,INGRESOS_NATURALEZA
7724,Inversiones a ser mantenidas hasta el vencimiento,4,772,7,INGRESOS_NATURALEZA
7725,Instrumentos financieros representativos de derecho patrimonial,4,772,7,INGRESOS_NATURALEZA
773,Dividendos,3,77,7,INGRESOS_NATURALEZA
774,Ingresos en operaciones de factoraje (factoring),3,77,7,INGRESOS_NATURALEZA
775,Descuentos obtenidos por pronto pago,3,77,7,INGRESOS_NATURALEZA
776,Diferencia en cambio,3,77,7,INGRESOS_NATURALEZA
777,Ganancia por medición de activos y pasivos financieros al valor razonable,3,77,7,INGRESOS_NATURALEZA
7771,Inversiones mantenidas para negociación,4,777,7,INGRESOS_NATURALEZA
7772,Otras inversiones,4,777,7,INGRESOS_NATURALEZA
7773,Otras,4,777,7,INGRESOS_NATURALEZA
778,Participación en resultados de entidades relacionadas,3,77,7,INGRESOS_NATURALEZA
7781,Participación en los resultados de subsidiarias y asociadas bajo el método,4,778,7,INGRESOS_NATURALEZA
7782,Ingresos por participaciones en negocios conjuntos,4,778,7,INGRESOS_NATURALEZA
779,Otros ingresos financieros,3,77,7,INGRESOS_NATURALEZA
7792,Ingresos financieros en medición a valor descontado,4,779,7,INGRESOS_NATURALEZA
78,CARGAS CUBIERTAS POR PROVISIONES,2,7,7,INGRESOS_NATURALEZA
781,Cargas cubiertas por provisiones,3,78,7,INGRESOS_NATURALEZA
79,CARGAS IMPUTABLES A CUENTAS DE COSTOS Y GASTOS,2,7,7,INGRESOS_NATURALEZA
791,Cargas imputables a cuentas de costos y gastos,3,79,7,INGRESOS_NATURALEZA
792,Gastos financieros imputables a cuentas de inventarios,3,79,7,INGRESOS_NATURALEZA
8,SALDOS INTERMEDIARIOS DE GESTIÓN Y DETERMINACIÓN DEL,1,,8,SALDOS_INTERMEDIARIOS
80,MARGEN COMERCIAL,2,8,8,SALDOS_INTERMEDIARIOS
801,M argen comercial,3,80,8,SALDOS_INTERMEDIARIOS
81,PRODUCCIÓN DEL EJERCICIO,2,8,8,SALDOS_INTERMEDIARIOS
811,Producción de bienes,3,81,8,SALDOS_INTERMEDIARIOS
812,Producción de servicios,3,81,8,SALDOS_INTERMEDIARIOS
813,P roducción de activo inmovilizado,3,81,8,SALDOS_INTERMEDIARIOS
82,VALOR AGREGADO,2,8,8,SALDOS_INTERMEDIARIOS
821,V alor agregado,3,82,8,SALDOS_INTERMEDIARIOS
83,EXCEDENTE BRUTO (INSUFICIENCIA BRUTA) DE EXPLOTACIÓN,2,8,8,SALDOS_INTERMEDIARIOS
831,Excedente bruto (insuficiencia bruta) de explotación,3,83,8,SALDOS_INTERMEDIARIOS
84,RESULTADO DE EXPLOTACIÓN,2,8,8,SALDOS_INTERMEDIARIOS
841,Resultado de explotación,3,84,8,SALDOS_INTERMEDIARIOS
85,RESULTADO ANTES DE IMPUESTO A LAS GANANCIAS,2,8,8,SALDOS_INTERMEDIARIOS
851,Resultado antes del impuesto a las ganancias,3,85,8,SALDOS_INTERMEDIARIOS
88,IMPUESTO A LAS GANANCIAS,2,8,8,SALDOS_INTERMEDIARIOS
881,Impuesto a las ganancias  Corriente,3,88,8,SALDOS_INTERMEDIARIOS
882,Impuesto a las ganancias  Diferido,3,88,8,SALDOS_INTERMEDIARIOS
89,DETERMINACIÓN DEL RESULTADO DEL EJERCICIO,2,8,8,SALDOS_INTERMEDIARIOS
891,Utilidad,3,89,8,SALDOS_INTERMEDIARIOS
892,Pérdida,3,89,8,SALDOS_INTERMEDIARIOS
